Datetime,Timezone,Hour of Day,Station ID,Station Name,Latitude,Longitude,Conditions,Temperature (C),Relativehumidity(%),Dew point(C),Humidex (C),Pressure(kPa),Visibility (km),Wind Direction,Wind Speed (km/hr),Wind chill (C)
2018-05-21 00:00:00,Canada/Pacific,0,YVR,Vancouver Int'l Airport,49.1,-123.1,Mostly Cloudy,12.9,78,9,,101.8,32,E,12.0,
2018-05-21 01:00:00,Canada/Pacific,1,YVR,Vancouver Int'l Airport,49.1,-123.1,Mostly Cloudy,12.4,79,9,,101.8,32,SE,10.0,
2018-05-21 02:00:00,Canada/Pacific,2,YVR,Vancouver Int'l Airport,49.1,-123.1,Mostly Cloudy,12.8,83,10,,101.8,32,E,11.0,
2018-05-21 03:00:00,Canada/Pacific,3,YVR,Vancouver Int'l Airport,49.1,-123.1,Cloudy,12.6,85,10,,101.8,32,SW,4.0,
2018-05-21 04:00:00,Canada/Pacific,4,YVR,Vancouver Int'l Airport,49.1,-123.1,Cloudy,12.3,84,10,,101.8,32,SE,8.0,
2018-05-21 05:00:00,Canada/Pacific,5,YVR,Vancouver Int'l Airport,49.1,-123.1,Cloudy,12.2,83,10,,101.8,32,SSE,8.0,
2018-05-21 06:00:00,Canada/Pacific,6,YVR,Vancouver Int'l Airport,49.1,-123.1,Cloudy,12.3,83,10,,101.8,32,SE,7.0,
2018-05-21 07:00:00,Canada/Pacific,7,YVR,Vancouver Int'l Airport,49.1,-123.1,Mostly Cloudy,12.6,80,9,,101.8,48,SSE,6.0,
2018-05-21 08:00:00,Canada/Pacific,8,YVR,Vancouver Int'l Airport,49.1,-123.1,Mostly Cloudy,13.1,79,10,,101.8,48,SSE,7.0,
2018-05-21 09:00:00,Canada/Pacific,9,YVR,Vancouver Int'l Airport,49.1,-123.1,Mostly Cloudy,13.6,81,10,,101.9,32,SW,10.0,
2018-05-21 10:00:00,Canada/Pacific,10,YVR,Vancouver Int'l Airport,49.1,-123.1,Mostly Cloudy,14.0,83,11,,101.9,48,SW,11.0,
2018-05-21 11:00:00,Canada/Pacific,11,YVR,Vancouver Int'l Airport,49.1,-123.1,Mostly Cloudy,15.4,79,12,,101.9,48,SW,13.0,
2018-05-21 12:00:00,Canada/Pacific,12,YVR,Vancouver Int'l Airport,49.1,-123.1,Mostly Cloudy,15.9,74,11,,101.9,48,SW,13.0,
2018-05-21 13:00:00,Canada/Pacific,13,YVR,Vancouver Int'l Airport,49.1,-123.1,Mostly Cloudy,16.3,73,12,,101.8,48,SW,14.0,
2018-05-21 14:00:00,Canada/Pacific,14,YVR,Vancouver Int'l Airport,49.1,-123.1,Mostly Cloudy,16.4,74,12,,101.8,48,SW,13.0,
2018-05-21 15:00:00,Canada/Pacific,15,YVR,Vancouver Int'l Airport,49.1,-123.1,Partly Cloudy,17.4,70,12,,101.8,48,SW,12.0,
2018-05-21 16:00:00,Canada/Pacific,16,YVR,Vancouver Int'l Airport,49.1,-123.1,Partly Cloudy,18.4,66,12,,101.7,48,SW,11.0,
2018-05-21 17:00:00,Canada/Pacific,17,YVR,Vancouver Int'l Airport,49.1,-123.1,Mainly Sunny,18.7,62,11,,101.7,48,SW,11.0,
2018-05-21 18:00:00,Canada/Pacific,18,YVR,Vancouver Int'l Airport,49.1,-123.1,Mainly Sunny,18.4,58,10,,101.6,48,W,10.0,
2018-05-21 19:00:00,Canada/Pacific,19,YVR,Vancouver Int'l Airport,49.1,-123.1,Mainly Sunny,17.7,62,10,,101.6,48,WSW,13.0,
2018-05-21 20:00:00,Canada/Pacific,20,YVR,Vancouver Int'l Airport,49.1,-123.1,Mainly Sunny,16.8,66,11,,101.6,48,SW,6.0,
2018-05-21 21:00:00,Canada/Pacific,21,YVR,Vancouver Int'l Airport,49.1,-123.1,Mainly Clear,14.0,80,11,,101.6,48,,0.0,
2018-05-21 22:00:00,Canada/Pacific,22,YVR,Vancouver Int'l Airport,49.1,-123.1,Mainly Clear,14.8,75,10,,101.6,48,N,5.0,
2018-05-21 23:00:00,Canada/Pacific,23,YVR,Vancouver Int'l Airport,49.1,-123.1,Clear,13.5,76,9,,101.6,32,,0.0,
2018-05-21 00:00:00,Canada/Pacific,0,YYJ,Victoria Int'l Airport,48.6,-123.4,Mainly Clear,9.8,91,8,,101.8,48,W,3.0,
2018-05-21 01:00:00,Canada/Pacific,1,YYJ,Victoria Int'l Airport,48.6,-123.4,Mainly Clear,11.8,85,9,,101.7,48,NW,10.0,
2018-05-21 02:00:00,Canada/Pacific,2,YYJ,Victoria Int'l Airport,48.6,-123.4,Partly Cloudy,12.1,83,9,,101.8,48,WNW,17.0,
2018-05-21 03:00:00,Canada/Pacific,3,YYJ,Victoria Int'l Airport,48.6,-123.4,Mostly Cloudy,12.3,80,9,,101.8,48,WNW,17.0,
2018-05-21 04:00:00,Canada/Pacific,4,YYJ,Victoria Int'l Airport,48.6,-123.4,Mostly Cloudy,12.2,81,9,,101.8,48,NW,13.0,
2018-05-21 05:00:00,Canada/Pacific,5,YYJ,Victoria Int'l Airport,48.6,-123.4,Mostly Cloudy,12.3,81,9,,101.8,48,WNW,12.0,
2018-05-21 06:00:00,Canada/Pacific,6,YYJ,Victoria Int'l Airport,48.6,-123.4,Mostly Cloudy,12.2,82,9,,101.8,48,WNW,9.0,
2018-05-21 07:00:00,Canada/Pacific,7,YYJ,Victoria Int'l Airport,48.6,-123.4,Mostly Cloudy,12.5,83,10,,101.8,48,WNW,9.0,
2018-05-21 08:00:00,Canada/Pacific,8,YYJ,Victoria Int'l Airport,48.6,-123.4,Mostly Cloudy,13.0,81,10,,101.8,48,NW,7.0,
2018-05-21 09:00:00,Canada/Pacific,9,YYJ,Victoria Int'l Airport,48.6,-123.4,Mostly Cloudy,13.3,82,10,,101.9,32,WNW,8.0,
2018-05-21 10:00:00,Canada/Pacific,10,YYJ,Victoria Int'l Airport,48.6,-123.4,Mostly Cloudy,13.3,84,11,,101.9,32,ESE,4.0,
2018-05-21 11:00:00,Canada/Pacific,11,YYJ,Victoria Int'l Airport,48.6,-123.4,Mostly Cloudy,14.4,82,11,,101.9,32,ESE,3.0,
2018-05-21 12:00:00,Canada/Pacific,12,YYJ,Victoria Int'l Airport,48.6,-123.4,Mostly Cloudy,16.0,76,12,,101.9,32,E,5.0,
2018-05-21 13:00:00,Canada/Pacific,13,YYJ,Victoria Int'l Airport,48.6,-123.4,Partly Cloudy,17.1,71,12,,101.8,32,E,10.0,
2018-05-21 14:00:00,Canada/Pacific,14,YYJ,Victoria Int'l Airport,48.6,-123.4,Mostly Cloudy,17.5,70,12,,101.8,32,E,9.0,
2018-05-21 15:00:00,Canada/Pacific,15,YYJ,Victoria Int'l Airport,48.6,-123.4,Partly Cloudy,18.4,64,12,,101.8,32,ESE,13.0,
2018-05-21 16:00:00,Canada/Pacific,16,YYJ,Victoria Int'l Airport,48.6,-123.4,Mainly Sunny,18.7,59,11,,101.7,32,ESE,13.0,
2018-05-21 17:00:00,Canada/Pacific,17,YYJ,Victoria Int'l Airport,48.6,-123.4,Mainly Sunny,19.1,55,10,,101.7,32,SE,15.0,
2018-05-21 18:00:00,Canada/Pacific,18,YYJ,Victoria Int'l Airport,48.6,-123.4,Mainly Sunny,18.6,56,10,,101.6,32,ESE,15.0,
2018-05-21 19:00:00,Canada/Pacific,19,YYJ,Victoria Int'l Airport,48.6,-123.4,Sunny,17.8,59,10,,101.6,48,SE,14.0,
2018-05-21 20:00:00,Canada/Pacific,20,YYJ,Victoria Int'l Airport,48.6,-123.4,Mainly Sunny,17.9,61,10,,101.6,48,SE,6.0,
2018-05-21 21:00:00,Canada/Pacific,21,YYJ,Victoria Int'l Airport,48.6,-123.4,Mainly Clear,16.3,66,10,,101.6,48,,0.0,
2018-05-21 22:00:00,Canada/Pacific,22,YYJ,Victoria Int'l Airport,48.6,-123.4,Mainly Clear,12.8,81,10,,101.6,48,NNE,7.0,
2018-05-21 23:00:00,Canada/Pacific,23,YYJ,Victoria Int'l Airport,48.6,-123.4,Clear,12.3,82,9,,101.6,48,NW,3.0,
2018-05-21 00:00:00,Canada/Pacific,0,YXS,Prince George Airport,53.8,-122.6,Mainly Clear,12.2,88,10,,101.4,16,S,9.0,
2018-05-21 01:00:00,Canada/Pacific,1,YXS,Prince George Airport,53.8,-122.6,Clear,9.8,91,8,,101.5,16,S,8.0,
2018-05-21 02:00:00,Canada/Pacific,2,YXS,Prince George Airport,53.8,-122.6,Clear,9.1,73,5,,101.6,16,S,11.0,
2018-05-21 03:00:00,Canada/Pacific,3,YXS,Prince George Airport,53.8,-122.6,Clear,8.0,71,3,,101.6,16,SW,18.0,
2018-05-21 04:00:00,Canada/Pacific,4,YXS,Prince George Airport,53.8,-122.6,Clear,7.3,68,2,,101.7,16,S,5.0,
2018-05-21 05:00:00,Canada/Pacific,5,YXS,Prince George Airport,53.8,-122.6,Mostly Cloudy,6.4,80,3,,101.8,16,S,8.0,
2018-05-21 06:00:00,Canada/Pacific,6,YXS,Prince George Airport,53.8,-122.6,Cloudy,6.3,87,4,,101.8,16,SSE,5.0,
2018-05-21 07:00:00,Canada/Pacific,7,YXS,Prince George Airport,53.8,-122.6,Mostly Cloudy,7.9,82,5,,101.7,16,SSW,5.0,
2018-05-21 08:00:00,Canada/Pacific,8,YXS,Prince George Airport,53.8,-122.6,Mostly Cloudy,11.7,62,5,,101.8,16,SSW,8.0,
2018-05-21 09:00:00,Canada/Pacific,9,YXS,Prince George Airport,53.8,-122.6,Partly Cloudy,13.6,49,3,,101.8,16,WSW,5.0,
2018-05-21 10:00:00,Canada/Pacific,10,YXS,Prince George Airport,53.8,-122.6,Mostly Cloudy,14.3,50,4,,101.8,16,SW,4.0,
2018-05-21 11:00:00,Canada/Pacific,11,YXS,Prince George Airport,53.8,-122.6,Sunny,15.5,42,3,,101.7,16,WSW,8.0,
2018-05-21 12:00:00,Canada/Pacific,12,YXS,Prince George Airport,53.8,-122.6,Sunny,16.1,44,4,,101.7,16,ENE,8.0,
2018-05-21 13:00:00,Canada/Pacific,13,YXS,Prince George Airport,53.8,-122.6,Sunny,16.9,42,4,,101.6,13,SE,5.0,
2018-05-21 14:00:00,Canada/Pacific,14,YXS,Prince George Airport,53.8,-122.6,Partly Cloudy,18.5,41,5,,101.6,16,S,11.0,
2018-05-21 15:00:00,Canada/Pacific,15,YXS,Prince George Airport,53.8,-122.6,Mainly Sunny,19.0,42,6,,101.6,16,NNW,8.0,
2018-05-21 16:00:00,Canada/Pacific,16,YXS,Prince George Airport,53.8,-122.6,Mainly Sunny,19.5,39,5,,101.5,16,NW,11.0,
2018-05-21 17:00:00,Canada/Pacific,17,YXS,Prince George Airport,53.8,-122.6,Sunny,20.5,36,5,,101.5,16,WSW,11.0,
2018-05-21 18:00:00,Canada/Pacific,18,YXS,Prince George Airport,53.8,-122.6,Partly Cloudy,20.7,36,5,,101.5,16,WSW,8.0,
2018-05-21 19:00:00,Canada/Pacific,19,YXS,Prince George Airport,53.8,-122.6,Mainly Sunny,20.3,35,5,,101.4,16,,0.0,
2018-05-21 20:00:00,Canada/Pacific,20,YXS,Prince George Airport,53.8,-122.6,Sunny,19.8,38,5,,101.4,16,WNW,4.0,
2018-05-21 21:00:00,Canada/Pacific,21,YXS,Prince George Airport,53.8,-122.6,Sunny,15.0,57,7,,101.4,16,N,5.0,
2018-05-21 22:00:00,Canada/Pacific,22,YXS,Prince George Airport,53.8,-122.6,Clear,10.3,76,6,,101.5,16,N,4.0,
2018-05-21 23:00:00,Canada/Pacific,23,YXS,Prince George Airport,53.8,-122.6,Clear,9.9,77,6,,101.5,16,N,4.0,
2018-05-21 00:00:00,Canada/Pacific,0,YXY,Whitehorse Airport,60.7,-135.0,Mostly Cloudy,8.7,54,0,,100.6,24,SSE,30.0,
2018-05-21 01:00:00,Canada/Pacific,1,YXY,Whitehorse Airport,60.7,-135.0,Mostly Cloudy,7.5,60,0,,100.7,24,SE,14.0,
2018-05-21 02:00:00,Canada/Pacific,2,YXY,Whitehorse Airport,60.7,-135.0,Mostly Cloudy,7.5,62,1,,100.7,24,SSE,19.0,
2018-05-21 03:00:00,Canada/Pacific,3,YXY,Whitehorse Airport,60.7,-135.0,Mostly Cloudy,7.4,61,0,,100.7,24,SSE,18.0,
2018-05-21 04:00:00,Canada/Pacific,4,YXY,Whitehorse Airport,60.7,-135.0,Mostly Cloudy,7.3,62,1,,100.6,24,SSE,19.0,
2018-05-21 05:00:00,Canada/Pacific,5,YXY,Whitehorse Airport,60.7,-135.0,Mostly Cloudy,7.3,64,1,,100.6,64,SE,16.0,
2018-05-21 06:00:00,Canada/Pacific,6,YXY,Whitehorse Airport,60.7,-135.0,Mostly Cloudy,7.3,65,1,,100.6,64,SSE,20.0,
2018-05-21 07:00:00,Canada/Pacific,7,YXY,Whitehorse Airport,60.7,-135.0,Mostly Cloudy,7.5,65,2,,100.6,64,SSE,13.0,
2018-05-21 08:00:00,Canada/Pacific,8,YXY,Whitehorse Airport,60.7,-135.0,Mostly Cloudy,8.2,64,2,,100.5,64,SE,20.0,
2018-05-21 09:00:00,Canada/Pacific,9,YXY,Whitehorse Airport,60.7,-135.0,Light Rainshower,8.6,64,2,,100.5,64,SE,28.0,
2018-05-21 10:00:00,Canada/Pacific,10,YXY,Whitehorse Airport,60.7,-135.0,Mostly Cloudy,9.3,62,3,,100.5,64,SE,34.0,
2018-05-21 11:00:00,Canada/Pacific,11,YXY,Whitehorse Airport,60.7,-135.0,Mostly Cloudy,10.8,57,3,,100.4,64,SE,28.0,
2018-05-21 12:00:00,Canada/Pacific,12,YXY,Whitehorse Airport,60.7,-135.0,Mostly Cloudy,11.0,58,3,,100.4,64,SE,14.0,
2018-05-21 13:00:00,Canada/Pacific,13,YXY,Whitehorse Airport,60.7,-135.0,Mostly Cloudy,11.8,53,3,,100.4,64,SE,27.0,
2018-05-21 14:00:00,Canada/Pacific,14,YXY,Whitehorse Airport,60.7,-135.0,Mostly Cloudy,12.7,47,2,,100.4,64,SSE,34.0,
2018-05-21 15:00:00,Canada/Pacific,15,YXY,Whitehorse Airport,60.7,-135.0,Mostly Cloudy,12.2,49,2,,100.4,64,SE,24.0,
2018-05-21 16:00:00,Canada/Pacific,16,YXY,Whitehorse Airport,60.7,-135.0,Light Rainshower,11.6,54,3,,100.4,64,SE,30.0,
2018-05-21 17:00:00,Canada/Pacific,17,YXY,Whitehorse Airport,60.7,-135.0,Light Rainshower,12.3,51,2,,100.4,64,SSE,39.0,
2018-05-21 18:00:00,Canada/Pacific,18,YXY,Whitehorse Airport,60.7,-135.0,Partly Cloudy,12.8,46,2,,100.4,64,SSE,31.0,
2018-05-21 19:00:00,Canada/Pacific,19,YXY,Whitehorse Airport,60.7,-135.0,Partly Cloudy,13.8,39,0,,100.4,64,SSE,32.0,
2018-05-21 20:00:00,Canada/Pacific,20,YXY,Whitehorse Airport,60.7,-135.0,Partly Cloudy,13.0,40,0,,100.4,64,SE,28.0,
2018-05-21 21:00:00,Canada/Pacific,21,YXY,Whitehorse Airport,60.7,-135.0,Mostly Cloudy,11.7,43,0,,100.4,64,SSE,26.0,
2018-05-21 22:00:00,Canada/Pacific,22,YXY,Whitehorse Airport,60.7,-135.0,Partly Cloudy,10.9,45,0,,100.4,64,SSE,14.0,
2018-05-21 23:00:00,Canada/Pacific,23,YXY,Whitehorse Airport,60.7,-135.0,Partly Cloudy,10.1,45,-1,,100.5,64,SSE,18.0,
2018-05-21 01:00:00,Canada/Mountain,1,YZF,Yellowknife Airport,62.4,-114.4,Mostly Cloudy,5.1,47,-5,,101.4,24,ENE,24.0,
2018-05-21 02:00:00,Canada/Mountain,2,YZF,Yellowknife Airport,62.4,-114.4,Partly Cloudy,3.6,55,-5,,101.4,24,E,21.0,
2018-05-21 03:00:00,Canada/Mountain,3,YZF,Yellowknife Airport,62.4,-114.4,Mainly Clear,2.8,58,-5,,101.4,24,ENE,24.0,
2018-05-21 04:00:00,Canada/Mountain,4,YZF,Yellowknife Airport,62.4,-114.4,Mainly Clear,2.1,63,-4,,101.4,24,ENE,22.0,
2018-05-21 05:00:00,Canada/Mountain,5,YZF,Yellowknife Airport,62.4,-114.4,Mainly Sunny,1.8,64,-4,,101.3,24,ENE,23.0,
2018-05-21 06:00:00,Canada/Mountain,6,YZF,Yellowknife Airport,62.4,-114.4,Mostly Cloudy,2.1,65,-4,,101.3,24,ENE,22.0,
2018-05-21 07:00:00,Canada/Mountain,7,YZF,Yellowknife Airport,62.4,-114.4,Partly Cloudy,2.7,62,-4,,101.3,24,E,23.0,
2018-05-21 08:00:00,Canada/Mountain,8,YZF,Yellowknife Airport,62.4,-114.4,Mostly Cloudy,4.5,57,-3,,101.3,24,E,22.0,
2018-05-21 09:00:00,Canada/Mountain,9,YZF,Yellowknife Airport,62.4,-114.4,Mostly Cloudy,6.2,52,-3,,101.3,24,E,23.0,
2018-05-21 10:00:00,Canada/Mountain,10,YZF,Yellowknife Airport,62.4,-114.4,Partly Cloudy,9.2,45,-2,,101.3,24,E,23.0,
2018-05-21 11:00:00,Canada/Mountain,11,YZF,Yellowknife Airport,62.4,-114.4,Partly Cloudy,12.4,36,-2,,101.2,24,E,27.0,
2018-05-21 12:00:00,Canada/Mountain,12,YZF,Yellowknife Airport,62.4,-114.4,Partly Cloudy,14.6,31,-2,,101.2,24,E,22.0,
2018-05-21 13:00:00,Canada/Mountain,13,YZF,Yellowknife Airport,62.4,-114.4,Mainly Sunny,16.4,31,-1,,101.2,24,SE,22.0,
2018-05-21 14:00:00,Canada/Mountain,14,YZF,Yellowknife Airport,62.4,-114.4,Mainly Sunny,17.2,30,0,,101.1,24,ESE,27.0,
2018-05-21 15:00:00,Canada/Mountain,15,YZF,Yellowknife Airport,62.4,-114.4,Partly Cloudy,18.2,30,0,,101.0,24,ESE,28.0,
2018-05-21 16:00:00,Canada/Mountain,16,YZF,Yellowknife Airport,62.4,-114.4,Partly Cloudy,19.0,29,1,,101.0,24,SSE,23.0,
2018-05-21 17:00:00,Canada/Mountain,17,YZF,Yellowknife Airport,62.4,-114.4,Partly Cloudy,19.6,27,0,,101.0,24,SSE,22.0,
2018-05-21 18:00:00,Canada/Mountain,18,YZF,Yellowknife Airport,62.4,-114.4,Partly Cloudy,20.3,26,1,,100.9,24,SSE,25.0,
2018-05-21 19:00:00,Canada/Mountain,19,YZF,Yellowknife Airport,62.4,-114.4,Partly Cloudy,20.3,28,1,,100.9,24,SE,26.0,
2018-05-21 20:00:00,Canada/Mountain,20,YZF,Yellowknife Airport,62.4,-114.4,Partly Cloudy,19.9,29,1,,100.8,24,SE,25.0,
2018-05-21 21:00:00,Canada/Mountain,21,YZF,Yellowknife Airport,62.4,-114.4,Mostly Cloudy,18.4,32,2,,100.8,24,ESE,19.0,
2018-05-21 22:00:00,Canada/Mountain,22,YZF,Yellowknife Airport,62.4,-114.4,Partly Cloudy,15.5,38,1,,100.8,24,ESE,17.0,
2018-05-21 23:00:00,Canada/Mountain,23,YZF,Yellowknife Airport,62.4,-114.4,Mostly Cloudy,14.5,39,1,,100.7,24,SE,22.0,
2018-05-22 00:00:00,Canada/Mountain,0,YZF,Yellowknife Airport,62.4,-114.4,Mostly Cloudy,14.1,42,1,,100.7,24,SE,17.0,
2018-05-21 03:00:00,Canada/Eastern,3,YFB,Iqaluit Airport,63.7,-68.5,Partly Cloudy,-8.0,72,-12,,100.7,32,N,15.0,-14.0
2018-05-21 04:00:00,Canada/Eastern,4,YFB,Iqaluit Airport,63.7,-68.5,Partly Cloudy,-7.2,69,-12,,100.7,48,NNE,15.0,-13.0
2018-05-21 05:00:00,Canada/Eastern,5,YFB,Iqaluit Airport,63.7,-68.5,Partly Cloudy,-6.4,67,-12,,100.7,48,NE,16.0,-13.0
2018-05-21 06:00:00,Canada/Eastern,6,YFB,Iqaluit Airport,63.7,-68.5,Mostly Cloudy,-5.6,67,-11,,100.7,48,ENE,11.0,-10.0
2018-05-21 07:00:00,Canada/Eastern,7,YFB,Iqaluit Airport,63.7,-68.5,Mostly Cloudy,-5.1,67,-10,,100.8,48,NE,7.0,-8.0
2018-05-21 08:00:00,Canada/Eastern,8,YFB,Iqaluit Airport,63.7,-68.5,Mostly Cloudy,-4.4,65,-10,,100.8,48,N,13.0,-9.0
2018-05-21 09:00:00,Canada/Eastern,9,YFB,Iqaluit Airport,63.7,-68.5,Mostly Cloudy,-3.9,74,-8,,100.8,48,N,18.0,-10.0
2018-05-21 10:00:00,Canada/Eastern,10,YFB,Iqaluit Airport,63.7,-68.5,Light Snow,-3.6,75,-7,,100.9,48,NNW,23.0,-10.0
2018-05-21 11:00:00,Canada/Eastern,11,YFB,Iqaluit Airport,63.7,-68.5,Light Snow,-3.3,74,-7,,100.9,48,NW,23.0,-10.0
2018-05-21 12:00:00,Canada/Eastern,12,YFB,Iqaluit Airport,63.7,-68.5,Mostly Cloudy,-2.3,68,-8,,100.9,48,NNW,21.0,-8.0
2018-05-21 13:00:00,Canada/Eastern,13,YFB,Iqaluit Airport,63.7,-68.5,Mostly Cloudy,-2.1,68,-7,,100.9,48,NNW,18.0,-8.0
2018-05-21 14:00:00,Canada/Eastern,14,YFB,Iqaluit Airport,63.7,-68.5,Mostly Cloudy,-1.5,58,-9,,100.9,48,N,14.0,-6.0
2018-05-21 15:00:00,Canada/Eastern,15,YFB,Iqaluit Airport,63.7,-68.5,Light Snow,-1.7,66,-7,,101.0,32,NNW,15.0,-7.0
2018-05-21 16:00:00,Canada/Eastern,16,YFB,Iqaluit Airport,63.7,-68.5,Light Snow,-2.0,68,-7,,101.0,48,NNW,21.0,-8.0
2018-05-21 17:00:00,Canada/Eastern,17,YFB,Iqaluit Airport,63.7,-68.5,Mostly Cloudy,-2.4,67,-8,,101.0,48,NNW,26.0,-9.0
2018-05-21 18:00:00,Canada/Eastern,18,YFB,Iqaluit Airport,63.7,-68.5,Mostly Cloudy,-2.7,69,-8,,101.0,48,NW,23.0,-9.0
2018-05-21 19:00:00,Canada/Eastern,19,YFB,Iqaluit Airport,63.7,-68.5,Cloudy,-3.7,65,-9,,101.1,48,NNW,32.0,-12.0
2018-05-21 20:00:00,Canada/Eastern,20,YFB,Iqaluit Airport,63.7,-68.5,Cloudy,-4.6,71,-9,,101.1,48,NNW,29.0,-12.0
2018-05-21 21:00:00,Canada/Eastern,21,YFB,Iqaluit Airport,63.7,-68.5,Mostly Cloudy,-5.5,67,-11,,101.2,48,NNW,23.0,-13.0
2018-05-21 22:00:00,Canada/Eastern,22,YFB,Iqaluit Airport,63.7,-68.5,Cloudy,-6.0,70,-11,,101.2,48,NNW,13.0,-11.0
2018-05-21 23:00:00,Canada/Eastern,23,YFB,Iqaluit Airport,63.7,-68.5,Light Snow,-6.1,77,-10,,101.2,32,NW,14.0,-12.0
2018-05-22 00:00:00,Canada/Eastern,0,YFB,Iqaluit Airport,63.7,-68.5,Light Snow,-6.2,78,-9,,101.1,24,NW,17.0,-13.0
2018-05-22 01:00:00,Canada/Eastern,1,YFB,Iqaluit Airport,63.7,-68.5,Light Snow,-6.3,80,-9,,101.1,24,NNW,19.0,-13.0
2018-05-22 02:00:00,Canada/Eastern,2,YFB,Iqaluit Airport,63.7,-68.5,Light Snow,-6.4,81,-9,,101.1,24,NNW,20.0,-13.0
2018-05-21 01:00:00,Canada/Mountain,1,YEG,Edmonton Int'l Airport,53.3,-113.5,Light Rainshower,15.7,61,8,,100.9,24,W,26.0,
2018-05-21 02:00:00,Canada/Mountain,2,YEG,Edmonton Int'l Airport,53.3,-113.5,Mostly Cloudy,14.7,63,8,,100.9,24,WNW,14.0,
2018-05-21 03:00:00,Canada/Mountain,3,YEG,Edmonton Int'l Airport,53.3,-113.5,Mostly Cloudy,13.8,66,8,,101.0,24,WNW,21.0,
2018-05-21 04:00:00,Canada/Mountain,4,YEG,Edmonton Int'l Airport,53.3,-113.5,Partly Cloudy,10.1,81,7,,101.0,24,W,9.0,
2018-05-21 05:00:00,Canada/Mountain,5,YEG,Edmonton Int'l Airport,53.3,-113.5,Partly Cloudy,9.1,88,7,,101.1,24,W,13.0,
2018-05-21 06:00:00,Canada/Mountain,6,YEG,Edmonton Int'l Airport,53.3,-113.5,Mostly Cloudy,7.8,91,7,,101.1,24,WSW,8.0,
2018-05-21 07:00:00,Canada/Mountain,7,YEG,Edmonton Int'l Airport,53.3,-113.5,Mostly Cloudy,11.0,81,8,,101.1,24,W,11.0,
2018-05-21 08:00:00,Canada/Mountain,8,YEG,Edmonton Int'l Airport,53.3,-113.5,Partly Cloudy,13.8,69,8,,101.2,24,WNW,17.0,
2018-05-21 09:00:00,Canada/Mountain,9,YEG,Edmonton Int'l Airport,53.3,-113.5,Partly Cloudy,16.5,59,9,,101.2,24,WNW,17.0,
2018-05-21 10:00:00,Canada/Mountain,10,YEG,Edmonton Int'l Airport,53.3,-113.5,Mostly Cloudy,17.5,51,7,,101.2,24,WNW,18.0,
2018-05-21 11:00:00,Canada/Mountain,11,YEG,Edmonton Int'l Airport,53.3,-113.5,Partly Cloudy,19.5,45,7,,101.2,24,WNW,19.0,
2018-05-21 12:00:00,Canada/Mountain,12,YEG,Edmonton Int'l Airport,53.3,-113.5,Partly Cloudy,20.9,43,8,,101.2,24,WNW,21.0,
2018-05-21 13:00:00,Canada/Mountain,13,YEG,Edmonton Int'l Airport,53.3,-113.5,Mostly Cloudy,22.0,37,7,,101.2,24,WNW,26.0,
2018-05-21 14:00:00,Canada/Mountain,14,YEG,Edmonton Int'l Airport,53.3,-113.5,Mostly Cloudy,22.7,37,7,,101.1,24,WNW,23.0,
2018-05-21 15:00:00,Canada/Mountain,15,YEG,Edmonton Int'l Airport,53.3,-113.5,Mostly Cloudy,23.5,33,7,,101.1,24,WNW,21.0,
2018-05-21 16:00:00,Canada/Mountain,16,YEG,Edmonton Int'l Airport,53.3,-113.5,Mostly Cloudy,23.8,31,6,,101.1,24,W,27.0,
2018-05-21 17:00:00,Canada/Mountain,17,YEG,Edmonton Int'l Airport,53.3,-113.5,Partly Cloudy,23.9,31,6,,101.1,24,W,16.0,
2018-05-21 18:00:00,Canada/Mountain,18,YEG,Edmonton Int'l Airport,53.3,-113.5,Mostly Cloudy,24.1,31,6,,101.1,24,NW,19.0,
2018-05-21 19:00:00,Canada/Mountain,19,YEG,Edmonton Int'l Airport,53.3,-113.5,Partly Cloudy,23.7,31,6,,101.1,24,NW,15.0,
2018-05-21 20:00:00,Canada/Mountain,20,YEG,Edmonton Int'l Airport,53.3,-113.5,Partly Cloudy,22.9,31,5,,101.1,24,NW,14.0,
2018-05-21 21:00:00,Canada/Mountain,21,YEG,Edmonton Int'l Airport,53.3,-113.5,Partly Cloudy,21.2,35,5,,101.1,24,NNW,13.0,
2018-05-21 22:00:00,Canada/Mountain,22,YEG,Edmonton Int'l Airport,53.3,-113.5,Partly Cloudy,17.4,45,6,,101.2,24,N,9.0,
2018-05-21 23:00:00,Canada/Mountain,23,YEG,Edmonton Int'l Airport,53.3,-113.5,Partly Cloudy,16.0,50,6,,101.2,24,NNE,6.0,
2018-05-22 00:00:00,Canada/Mountain,0,YEG,Edmonton Int'l Airport,53.3,-113.5,Mainly Clear,11.6,65,5,,101.3,24,SSW,5.0,
2018-05-21 01:00:00,Canada/Mountain,1,YYC,Calgary Int'l Airport,51.1,-114.0,Partly Cloudy,15.9,37,1,,101.0,24,NW,14.0,
2018-05-21 02:00:00,Canada/Mountain,2,YYC,Calgary Int'l Airport,51.1,-114.0,Mainly Clear,15.3,34,0,,101.1,24,NW,21.0,
2018-05-21 03:00:00,Canada/Mountain,3,YYC,Calgary Int'l Airport,51.1,-114.0,Mainly Clear,12.7,43,0,,101.1,24,NNW,16.0,
2018-05-21 04:00:00,Canada/Mountain,4,YYC,Calgary Int'l Airport,51.1,-114.0,Mainly Clear,12.2,49,2,,101.2,24,NNW,16.0,
2018-05-21 05:00:00,Canada/Mountain,5,YYC,Calgary Int'l Airport,51.1,-114.0,Partly Cloudy,11.0,57,3,,101.2,24,NNW,13.0,
2018-05-21 06:00:00,Canada/Mountain,6,YYC,Calgary Int'l Airport,51.1,-114.0,Partly Cloudy,10.4,58,3,,101.3,64,WNW,3.0,
2018-05-21 07:00:00,Canada/Mountain,7,YYC,Calgary Int'l Airport,51.1,-114.0,Partly Cloudy,10.9,56,2,,101.3,64,SSW,5.0,
2018-05-21 08:00:00,Canada/Mountain,8,YYC,Calgary Int'l Airport,51.1,-114.0,Partly Cloudy,14.8,45,3,,101.3,64,NNW,14.0,
2018-05-21 09:00:00,Canada/Mountain,9,YYC,Calgary Int'l Airport,51.1,-114.0,Mostly Cloudy,17.1,43,5,,101.3,64,NNW,21.0,
2018-05-21 10:00:00,Canada/Mountain,10,YYC,Calgary Int'l Airport,51.1,-114.0,Mostly Cloudy,17.9,42,5,,101.4,64,NNE,20.0,
2018-05-21 11:00:00,Canada/Mountain,11,YYC,Calgary Int'l Airport,51.1,-114.0,Partly Cloudy,18.7,41,5,,101.4,64,N,13.0,
2018-05-21 12:00:00,Canada/Mountain,12,YYC,Calgary Int'l Airport,51.1,-114.0,Mostly Cloudy,19.6,40,6,,101.4,64,NNE,16.0,
2018-05-21 13:00:00,Canada/Mountain,13,YYC,Calgary Int'l Airport,51.1,-114.0,Partly Cloudy,20.1,35,4,,101.4,48,WSW,5.0,
2018-05-21 14:00:00,Canada/Mountain,14,YYC,Calgary Int'l Airport,51.1,-114.0,Mostly Cloudy,21.9,32,5,,101.3,48,WSW,5.0,
2018-05-21 15:00:00,Canada/Mountain,15,YYC,Calgary Int'l Airport,51.1,-114.0,Mostly Cloudy,21.4,30,3,,101.3,48,WSW,8.0,
2018-05-21 16:00:00,Canada/Mountain,16,YYC,Calgary Int'l Airport,51.1,-114.0,Partly Cloudy,21.9,29,3,,101.3,48,ESE,8.0,
2018-05-21 17:00:00,Canada/Mountain,17,YYC,Calgary Int'l Airport,51.1,-114.0,Partly Cloudy,23.0,29,4,,101.3,48,NE,11.0,
2018-05-21 18:00:00,Canada/Mountain,18,YYC,Calgary Int'l Airport,51.1,-114.0,Partly Cloudy,23.0,25,2,,101.3,48,ESE,13.0,
2018-05-21 19:00:00,Canada/Mountain,19,YYC,Calgary Int'l Airport,51.1,-114.0,Partly Cloudy,22.7,27,3,,101.3,48,ESE,10.0,
2018-05-21 20:00:00,Canada/Mountain,20,YYC,Calgary Int'l Airport,51.1,-114.0,Partly Cloudy,19.5,39,5,,101.3,64,E,10.0,
2018-05-21 21:00:00,Canada/Mountain,21,YYC,Calgary Int'l Airport,51.1,-114.0,Partly Cloudy,18.6,40,5,,101.3,48,ENE,12.0,
2018-05-21 22:00:00,Canada/Mountain,22,YYC,Calgary Int'l Airport,51.1,-114.0,Partly Cloudy,18.4,39,4,,101.4,48,SSE,16.0,
2018-05-21 23:00:00,Canada/Mountain,23,YYC,Calgary Int'l Airport,51.1,-114.0,Partly Cloudy,15.9,45,4,,101.4,24,E,11.0,
2018-05-22 00:00:00,Canada/Mountain,0,YYC,Calgary Int'l Airport,51.1,-114.0,Mainly Clear,16.3,44,4,,101.4,24,NE,5.0,
2018-05-21 01:00:00,Canada/Central,1,YXE,Saskatoon Diefenbaker Int'l Airport,52.1,-106.7,Partly Cloudy,17.3,38,3,,101.0,24,SSE,28.0,
2018-05-21 02:00:00,Canada/Central,2,YXE,Saskatoon Diefenbaker Int'l Airport,52.1,-106.7,Partly Cloudy,15.9,42,3,,101.0,24,S,28.0,
2018-05-21 03:00:00,Canada/Central,3,YXE,Saskatoon Diefenbaker Int'l Airport,52.1,-106.7,Partly Cloudy,14.6,46,3,,101.0,24,S,25.0,
2018-05-21 04:00:00,Canada/Central,4,YXE,Saskatoon Diefenbaker Int'l Airport,52.1,-106.7,Mainly Clear,13.6,49,3,,101.0,24,S,23.0,
2018-05-21 05:00:00,Canada/Central,5,YXE,Saskatoon Diefenbaker Int'l Airport,52.1,-106.7,Partly Cloudy,12.9,52,4,,101.0,24,S,20.0,
2018-05-21 06:00:00,Canada/Central,6,YXE,Saskatoon Diefenbaker Int'l Airport,52.1,-106.7,Partly Cloudy,12.7,56,4,,101.0,24,SSE,11.0,
2018-05-21 07:00:00,Canada/Central,7,YXE,Saskatoon Diefenbaker Int'l Airport,52.1,-106.7,Partly Cloudy,14.6,52,5,,100.9,24,SSE,23.0,
2018-05-21 08:00:00,Canada/Central,8,YXE,Saskatoon Diefenbaker Int'l Airport,52.1,-106.7,Mainly Sunny,17.1,48,6,,100.9,24,SSE,14.0,
2018-05-21 09:00:00,Canada/Central,9,YXE,Saskatoon Diefenbaker Int'l Airport,52.1,-106.7,Partly Cloudy,19.0,47,8,,100.9,24,S,16.0,
2018-05-21 10:00:00,Canada/Central,10,YXE,Saskatoon Diefenbaker Int'l Airport,52.1,-106.7,Partly Cloudy,20.7,44,8,,100.9,24,S,15.0,
2018-05-21 11:00:00,Canada/Central,11,YXE,Saskatoon Diefenbaker Int'l Airport,52.1,-106.7,Partly Cloudy,23.4,37,8,24.0,100.9,24,SSE,6.0,
2018-05-21 12:00:00,Canada/Central,12,YXE,Saskatoon Diefenbaker Int'l Airport,52.1,-106.7,Mostly Cloudy,26.2,33,9,27.0,100.8,24,SSE,21.0,
2018-05-21 13:00:00,Canada/Central,13,YXE,Saskatoon Diefenbaker Int'l Airport,52.1,-106.7,Mostly Cloudy,27.9,27,8,,100.8,24,SSW,13.0,
2018-05-21 14:00:00,Canada/Central,14,YXE,Saskatoon Diefenbaker Int'l Airport,52.1,-106.7,Partly Cloudy,29.0,25,7,,100.8,24,SSE,12.0,
2018-05-21 15:00:00,Canada/Central,15,YXE,Saskatoon Diefenbaker Int'l Airport,52.1,-106.7,Partly Cloudy,29.2,21,5,,100.7,24,SSW,13.0,
2018-05-21 16:00:00,Canada/Central,16,YXE,Saskatoon Diefenbaker Int'l Airport,52.1,-106.7,Mostly Cloudy,29.7,19,4,,100.7,24,SW,10.0,
2018-05-21 17:00:00,Canada/Central,17,YXE,Saskatoon Diefenbaker Int'l Airport,52.1,-106.7,Mostly Cloudy,29.3,16,1,,100.7,24,NNE,4.0,
2018-05-21 18:00:00,Canada/Central,18,YXE,Saskatoon Diefenbaker Int'l Airport,52.1,-106.7,Mostly Cloudy,28.6,22,5,,100.7,24,NW,26.0,
2018-05-21 19:00:00,Canada/Central,19,YXE,Saskatoon Diefenbaker Int'l Airport,52.1,-106.7,Mostly Cloudy,28.5,22,5,,100.7,24,NW,19.0,
2018-05-21 20:00:00,Canada/Central,20,YXE,Saskatoon Diefenbaker Int'l Airport,52.1,-106.7,Mostly Cloudy,24.4,26,4,,100.8,24,NW,19.0,
2018-05-21 21:00:00,Canada/Central,21,YXE,Saskatoon Diefenbaker Int'l Airport,52.1,-106.7,Partly Cloudy,19.4,37,5,,100.8,24,NW,15.0,
2018-05-21 22:00:00,Canada/Central,22,YXE,Saskatoon Diefenbaker Int'l Airport,52.1,-106.7,Partly Cloudy,15.5,48,5,,100.9,24,NW,10.0,
2018-05-21 23:00:00,Canada/Central,23,YXE,Saskatoon Diefenbaker Int'l Airport,52.1,-106.7,Partly Cloudy,17.6,45,6,,100.9,24,NE,17.0,
2018-05-22 00:00:00,Canada/Central,0,YXE,Saskatoon Diefenbaker Int'l Airport,52.1,-106.7,Mainly Clear,16.0,52,6,,101.0,24,ENE,10.0,
2018-05-21 01:00:00,Canada/Central,1,YQR,Regina Int'l Airport,50.4,-104.6,Mainly Clear,11.8,40,-1,,101.5,24,SSE,24.0,
2018-05-21 02:00:00,Canada/Central,2,YQR,Regina Int'l Airport,50.4,-104.6,Clear,9.6,45,-2,,101.5,24,SE,23.0,
2018-05-21 03:00:00,Canada/Central,3,YQR,Regina Int'l Airport,50.4,-104.6,Clear,8.9,46,-2,,101.5,24,SSE,24.0,
2018-05-21 04:00:00,Canada/Central,4,YQR,Regina Int'l Airport,50.4,-104.6,Mainly Clear,7.8,50,-2,,101.4,24,SSE,23.0,
2018-05-21 05:00:00,Canada/Central,5,YQR,Regina Int'l Airport,50.4,-104.6,Mainly Clear,7.3,54,-1,,101.4,24,SE,22.0,
2018-05-21 06:00:00,Canada/Central,6,YQR,Regina Int'l Airport,50.4,-104.6,Mainly Sunny,7.8,55,-1,,101.4,24,SE,21.0,
2018-05-21 07:00:00,Canada/Central,7,YQR,Regina Int'l Airport,50.4,-104.6,Mainly Sunny,11.2,49,1,,101.4,24,SE,24.0,
2018-05-21 08:00:00,Canada/Central,8,YQR,Regina Int'l Airport,50.4,-104.6,Mainly Sunny,14.0,45,2,,101.3,24,SSE,24.0,
2018-05-21 09:00:00,Canada/Central,9,YQR,Regina Int'l Airport,50.4,-104.6,Mainly Sunny,16.9,39,3,,101.3,24,SSE,23.0,
2018-05-21 10:00:00,Canada/Central,10,YQR,Regina Int'l Airport,50.4,-104.6,Mainly Sunny,20.2,35,4,,101.3,24,SSE,23.0,
2018-05-21 11:00:00,Canada/Central,11,YQR,Regina Int'l Airport,50.4,-104.6,Mainly Sunny,23.4,30,5,,101.2,24,SSE,19.0,
2018-05-21 12:00:00,Canada/Central,12,YQR,Regina Int'l Airport,50.4,-104.6,Mainly Sunny,24.4,30,6,,101.1,24,SSE,16.0,
2018-05-21 13:00:00,Canada/Central,13,YQR,Regina Int'l Airport,50.4,-104.6,Mainly Sunny,25.5,27,5,,101.1,24,SSE,5.0,
2018-05-21 14:00:00,Canada/Central,14,YQR,Regina Int'l Airport,50.4,-104.6,Partly Cloudy,27.0,24,5,,101.0,24,SW,12.0,
2018-05-21 15:00:00,Canada/Central,15,YQR,Regina Int'l Airport,50.4,-104.6,Partly Cloudy,27.3,25,6,,101.0,24,SW,6.0,
2018-05-21 16:00:00,Canada/Central,16,YQR,Regina Int'l Airport,50.4,-104.6,Mostly Cloudy,27.8,24,6,,100.9,24,ENE,7.0,
2018-05-21 17:00:00,Canada/Central,17,YQR,Regina Int'l Airport,50.4,-104.6,Partly Cloudy,27.1,23,5,,100.9,24,N,2.0,
2018-05-21 18:00:00,Canada/Central,18,YQR,Regina Int'l Airport,50.4,-104.6,Mostly Cloudy,26.9,24,5,,100.9,24,,0.0,
2018-05-21 19:00:00,Canada/Central,19,YQR,Regina Int'l Airport,50.4,-104.6,Mostly Cloudy,25.6,30,7,,100.8,24,SE,9.0,
2018-05-21 20:00:00,Canada/Central,20,YQR,Regina Int'l Airport,50.4,-104.6,Mostly Cloudy,24.7,29,6,,100.8,24,ESE,8.0,
2018-05-21 21:00:00,Canada/Central,21,YQR,Regina Int'l Airport,50.4,-104.6,Mostly Cloudy,22.5,34,6,,100.9,24,SE,10.0,
2018-05-21 22:00:00,Canada/Central,22,YQR,Regina Int'l Airport,50.4,-104.6,Mostly Cloudy,20.4,34,4,,100.9,24,SW,4.0,
2018-05-21 23:00:00,Canada/Central,23,YQR,Regina Int'l Airport,50.4,-104.6,Cloudy,20.0,37,5,,100.9,24,WSW,11.0,
2018-05-22 00:00:00,Canada/Central,0,YQR,Regina Int'l Airport,50.4,-104.6,Cloudy,18.2,44,6,,100.9,24,WNW,11.0,
2018-05-21 02:00:00,Canada/Central,2,YWG,Winnipeg Richardson Int'l Airport,49.9,-97.2,Clear,14.9,40,2,,101.9,24,SSW,21.0,
2018-05-21 03:00:00,Canada/Central,3,YWG,Winnipeg Richardson Int'l Airport,49.9,-97.2,Clear,13.7,44,2,,101.9,24,SSW,18.0,
2018-05-21 04:00:00,Canada/Central,4,YWG,Winnipeg Richardson Int'l Airport,49.9,-97.2,Clear,12.3,48,2,,101.9,24,SSW,16.0,
2018-05-21 05:00:00,Canada/Central,5,YWG,Winnipeg Richardson Int'l Airport,49.9,-97.2,Clear,9.5,61,2,,101.9,24,SSW,13.0,
2018-05-21 06:00:00,Canada/Central,6,YWG,Winnipeg Richardson Int'l Airport,49.9,-97.2,Sunny,7.1,72,2,,101.9,24,S,13.0,
2018-05-21 07:00:00,Canada/Central,7,YWG,Winnipeg Richardson Int'l Airport,49.9,-97.2,Sunny,10.2,64,4,,101.9,24,S,4.0,
2018-05-21 08:00:00,Canada/Central,8,YWG,Winnipeg Richardson Int'l Airport,49.9,-97.2,Sunny,14.6,47,4,,101.9,24,S,9.0,
2018-05-21 09:00:00,Canada/Central,9,YWG,Winnipeg Richardson Int'l Airport,49.9,-97.2,Sunny,16.9,45,5,,101.8,24,S,11.0,
2018-05-21 10:00:00,Canada/Central,10,YWG,Winnipeg Richardson Int'l Airport,49.9,-97.2,Sunny,20.3,34,4,,101.8,24,SSW,8.0,
2018-05-21 11:00:00,Canada/Central,11,YWG,Winnipeg Richardson Int'l Airport,49.9,-97.2,Mainly Sunny,22.0,24,1,,101.7,24,SSW,17.0,
2018-05-21 12:00:00,Canada/Central,12,YWG,Winnipeg Richardson Int'l Airport,49.9,-97.2,Mainly Sunny,23.1,24,2,,101.7,24,SW,15.0,
2018-05-21 13:00:00,Canada/Central,13,YWG,Winnipeg Richardson Int'l Airport,49.9,-97.2,Sunny,23.4,21,0,,101.6,24,SSW,9.0,
2018-05-21 14:00:00,Canada/Central,14,YWG,Winnipeg Richardson Int'l Airport,49.9,-97.2,Mainly Sunny,24.9,19,0,,101.5,24,SSW,26.0,
2018-05-21 15:00:00,Canada/Central,15,YWG,Winnipeg Richardson Int'l Airport,49.9,-97.2,Mainly Sunny,25.3,20,1,,101.5,24,S,22.0,
2018-05-21 16:00:00,Canada/Central,16,YWG,Winnipeg Richardson Int'l Airport,49.9,-97.2,Mainly Sunny,25.6,18,-1,,101.4,24,SSW,16.0,
2018-05-21 17:00:00,Canada/Central,17,YWG,Winnipeg Richardson Int'l Airport,49.9,-97.2,Mainly Sunny,26.7,15,-2,,101.3,24,SSW,24.0,
2018-05-21 18:00:00,Canada/Central,18,YWG,Winnipeg Richardson Int'l Airport,49.9,-97.2,Mainly Sunny,26.6,16,-1,,101.3,24,S,25.0,
2018-05-21 19:00:00,Canada/Central,19,YWG,Winnipeg Richardson Int'l Airport,49.9,-97.2,Mainly Sunny,25.7,15,-3,,101.3,24,SW,18.0,
2018-05-21 20:00:00,Canada/Central,20,YWG,Winnipeg Richardson Int'l Airport,49.9,-97.2,Mainly Sunny,24.6,17,-2,,101.2,24,SSW,19.0,
2018-05-21 21:00:00,Canada/Central,21,YWG,Winnipeg Richardson Int'l Airport,49.9,-97.2,Mainly Sunny,21.9,20,-2,,101.2,24,SSW,15.0,
2018-05-21 22:00:00,Canada/Central,22,YWG,Winnipeg Richardson Int'l Airport,49.9,-97.2,Mainly Clear,19.7,23,-2,,101.3,24,SSW,15.0,
2018-05-21 23:00:00,Canada/Central,23,YWG,Winnipeg Richardson Int'l Airport,49.9,-97.2,Mainly Clear,18.7,24,-2,,101.3,24,SSW,16.0,
2018-05-22 00:00:00,Canada/Central,0,YWG,Winnipeg Richardson Int'l Airport,49.9,-97.2,Clear,14.8,34,-1,,101.3,24,S,15.0,
2018-05-22 01:00:00,Canada/Central,1,YWG,Winnipeg Richardson Int'l Airport,49.9,-97.2,Clear,14.8,35,0,,101.3,24,S,16.0,
2018-05-21 03:00:00,Canada/Eastern,3,YQT,Thunder Bay Airport,48.3,-89.3,Clear,3.9,87,2,,102.1,24,W,4.0,
2018-05-21 04:00:00,Canada/Eastern,4,YQT,Thunder Bay Airport,48.3,-89.3,Clear,4.7,83,2,,102.1,24,WSW,4.0,
2018-05-21 05:00:00,Canada/Eastern,5,YQT,Thunder Bay Airport,48.3,-89.3,Clear,2.7,89,1,,102.2,24,W,8.0,
2018-05-21 06:00:00,Canada/Eastern,6,YQT,Thunder Bay Airport,48.3,-89.3,Clear,2.6,90,1,,102.2,32,NW,3.0,
2018-05-21 07:00:00,Canada/Eastern,7,YQT,Thunder Bay Airport,48.3,-89.3,Sunny,2.9,93,2,,102.2,32,WNW,5.0,
2018-05-21 08:00:00,Canada/Eastern,8,YQT,Thunder Bay Airport,48.3,-89.3,Mainly Sunny,9.9,70,5,,102.2,32,WSW,7.0,
2018-05-21 09:00:00,Canada/Eastern,9,YQT,Thunder Bay Airport,48.3,-89.3,Mainly Sunny,14.0,48,3,,102.2,32,WSW,4.0,
2018-05-21 10:00:00,Canada/Eastern,10,YQT,Thunder Bay Airport,48.3,-89.3,Mainly Sunny,17.5,37,3,,102.2,32,SSE,4.0,
2018-05-21 11:00:00,Canada/Eastern,11,YQT,Thunder Bay Airport,48.3,-89.3,Mainly Sunny,20.9,27,1,,102.1,32,N,3.0,
2018-05-21 12:00:00,Canada/Eastern,12,YQT,Thunder Bay Airport,48.3,-89.3,Mainly Sunny,21.4,31,4,,102.0,32,E,18.0,
2018-05-21 13:00:00,Canada/Eastern,13,YQT,Thunder Bay Airport,48.3,-89.3,Mainly Sunny,23.6,20,-1,,102.0,32,E,26.0,
2018-05-21 14:00:00,Canada/Eastern,14,YQT,Thunder Bay Airport,48.3,-89.3,Mainly Sunny,24.5,15,-4,,101.9,32,SE,25.0,
2018-05-21 15:00:00,Canada/Eastern,15,YQT,Thunder Bay Airport,48.3,-89.3,Mostly Cloudy,24.6,14,-4,,101.9,48,S,22.0,
2018-05-21 16:00:00,Canada/Eastern,16,YQT,Thunder Bay Airport,48.3,-89.3,Partly Cloudy,23.7,17,-3,,101.8,32,S,27.0,
2018-05-21 17:00:00,Canada/Eastern,17,YQT,Thunder Bay Airport,48.3,-89.3,Mostly Cloudy,23.4,19,-2,,101.8,32,S,21.0,
2018-05-21 18:00:00,Canada/Eastern,18,YQT,Thunder Bay Airport,48.3,-89.3,Mostly Cloudy,23.4,21,0,,101.7,32,ESE,18.0,
2018-05-21 19:00:00,Canada/Eastern,19,YQT,Thunder Bay Airport,48.3,-89.3,Mostly Cloudy,20.3,25,0,,101.7,32,SE,17.0,
2018-05-21 20:00:00,Canada/Eastern,20,YQT,Thunder Bay Airport,48.3,-89.3,Mostly Cloudy,17.3,35,2,,101.7,32,ENE,14.0,
2018-05-21 21:00:00,Canada/Eastern,21,YQT,Thunder Bay Airport,48.3,-89.3,Mostly Cloudy,13.1,49,3,,101.7,32,NE,8.0,
2018-05-21 22:00:00,Canada/Eastern,22,YQT,Thunder Bay Airport,48.3,-89.3,Mostly Cloudy,9.3,61,2,,101.6,24,NE,9.0,
2018-05-21 23:00:00,Canada/Eastern,23,YQT,Thunder Bay Airport,48.3,-89.3,Mostly Cloudy,8.8,63,2,,101.7,24,NE,8.0,
2018-05-22 00:00:00,Canada/Eastern,0,YQT,Thunder Bay Airport,48.3,-89.3,Partly Cloudy,8.0,66,2,,101.6,24,NE,7.0,
2018-05-22 01:00:00,Canada/Eastern,1,YQT,Thunder Bay Airport,48.3,-89.3,Partly Cloudy,5.1,77,1,,101.6,24,WNW,3.0,
2018-05-22 02:00:00,Canada/Eastern,2,YQT,Thunder Bay Airport,48.3,-89.3,Partly Cloudy,4.2,83,2,,101.6,24,WSW,5.0,
2018-05-21 03:00:00,Canada/Eastern,3,YYZ,Toronto Pearson Int'l Airport,43.6,-79.6,Clear,8.7,51,-1,,102.3,24,N,13.0,
2018-05-21 04:00:00,Canada/Eastern,4,YYZ,Toronto Pearson Int'l Airport,43.6,-79.6,Clear,7.5,64,1,,102.3,24,NW,12.0,
2018-05-21 05:00:00,Canada/Eastern,5,YYZ,Toronto Pearson Int'l Airport,43.6,-79.6,Clear,7.4,75,3,,102.4,24,NNW,12.0,
2018-05-21 06:00:00,Canada/Eastern,6,YYZ,Toronto Pearson Int'l Airport,43.6,-79.6,Partly Cloudy,8.2,76,4,,102.4,24,NNW,18.0,
2018-05-21 07:00:00,Canada/Eastern,7,YYZ,Toronto Pearson Int'l Airport,43.6,-79.6,Partly Cloudy,9.5,65,3,,102.4,24,N,10.0,
2018-05-21 08:00:00,Canada/Eastern,8,YYZ,Toronto Pearson Int'l Airport,43.6,-79.6,Partly Cloudy,11.5,54,3,,102.5,24,NNE,8.0,
2018-05-21 09:00:00,Canada/Eastern,9,YYZ,Toronto Pearson Int'l Airport,43.6,-79.6,Mostly Cloudy,13.3,46,2,,102.5,24,N,9.0,
2018-05-21 10:00:00,Canada/Eastern,10,YYZ,Toronto Pearson Int'l Airport,43.6,-79.6,Mostly Cloudy,15.6,47,5,,102.5,24,,0.0,
2018-05-21 11:00:00,Canada/Eastern,11,YYZ,Toronto Pearson Int'l Airport,43.6,-79.6,Mostly Cloudy,17.4,41,4,,102.5,24,SE,6.0,
2018-05-21 12:00:00,Canada/Eastern,12,YYZ,Toronto Pearson Int'l Airport,43.6,-79.6,Mostly Cloudy,18.4,42,6,,102.5,24,SE,12.0,
2018-05-21 13:00:00,Canada/Eastern,13,YYZ,Toronto Pearson Int'l Airport,43.6,-79.6,Mostly Cloudy,18.9,34,3,,102.4,24,SE,12.0,
2018-05-21 14:00:00,Canada/Eastern,14,YYZ,Toronto Pearson Int'l Airport,43.6,-79.6,Partly Cloudy,19.4,31,2,,102.3,24,SSE,6.0,
2018-05-21 15:00:00,Canada/Eastern,15,YYZ,Toronto Pearson Int'l Airport,43.6,-79.6,Mostly Cloudy,20.7,27,1,,102.3,24,SE,17.0,
2018-05-21 16:00:00,Canada/Eastern,16,YYZ,Toronto Pearson Int'l Airport,43.6,-79.6,Mostly Cloudy,20.1,25,-1,,102.2,24,S,11.0,
2018-05-21 17:00:00,Canada/Eastern,17,YYZ,Toronto Pearson Int'l Airport,43.6,-79.6,Mostly Cloudy,20.3,25,0,,102.2,24,SSE,9.0,
2018-05-21 18:00:00,Canada/Eastern,18,YYZ,Toronto Pearson Int'l Airport,43.6,-79.6,Cloudy,20.3,29,2,,102.1,24,S,7.0,
2018-05-21 19:00:00,Canada/Eastern,19,YYZ,Toronto Pearson Int'l Airport,43.6,-79.6,Cloudy,20.1,29,2,,102.1,24,SSE,3.0,
2018-05-21 20:00:00,Canada/Eastern,20,YYZ,Toronto Pearson Int'l Airport,43.6,-79.6,Cloudy,20.1,30,2,,102.1,24,NE,7.0,
2018-05-21 21:00:00,Canada/Eastern,21,YYZ,Toronto Pearson Int'l Airport,43.6,-79.6,Cloudy,19.1,34,3,,102.0,24,NNE,10.0,
2018-05-21 22:00:00,Canada/Eastern,22,YYZ,Toronto Pearson Int'l Airport,43.6,-79.6,Cloudy,19.1,33,3,,102.0,24,NE,8.0,
2018-05-21 23:00:00,Canada/Eastern,23,YYZ,Toronto Pearson Int'l Airport,43.6,-79.6,Cloudy,18.2,38,4,,102.0,24,SE,3.0,
2018-05-22 00:00:00,Canada/Eastern,0,YYZ,Toronto Pearson Int'l Airport,43.6,-79.6,Cloudy,15.9,46,4,,101.9,24,ENE,11.0,
2018-05-22 01:00:00,Canada/Eastern,1,YYZ,Toronto Pearson Int'l Airport,43.6,-79.6,Cloudy,14.1,45,2,,101.9,24,SSE,8.0,
2018-05-22 02:00:00,Canada/Eastern,2,YYZ,Toronto Pearson Int'l Airport,43.6,-79.6,Light Rain,13.8,49,3,,101.9,24,SSW,7.0,
2018-05-21 03:00:00,Canada/Eastern,3,YOW,Ottawa Macdonald-Cartier Int'l Airport,45.3,-75.6,Clear,7.1,78,4,,102.1,24,WSW,13.0,
2018-05-21 04:00:00,Canada/Eastern,4,YOW,Ottawa Macdonald-Cartier Int'l Airport,45.3,-75.6,Clear,7.2,76,3,,102.1,24,SW,9.0,
2018-05-21 05:00:00,Canada/Eastern,5,YOW,Ottawa Macdonald-Cartier Int'l Airport,45.3,-75.6,Mainly Clear,5.5,84,3,,102.1,24,WSW,7.0,
2018-05-21 06:00:00,Canada/Eastern,6,YOW,Ottawa Macdonald-Cartier Int'l Airport,45.3,-75.6,Mainly Sunny,6.3,84,4,,102.1,24,W,12.0,
2018-05-21 07:00:00,Canada/Eastern,7,YOW,Ottawa Macdonald-Cartier Int'l Airport,45.3,-75.6,Mainly Sunny,10.2,68,5,,102.2,24,W,14.0,
2018-05-21 08:00:00,Canada/Eastern,8,YOW,Ottawa Macdonald-Cartier Int'l Airport,45.3,-75.6,Mainly Sunny,12.4,55,4,,102.2,24,W,19.0,
2018-05-21 09:00:00,Canada/Eastern,9,YOW,Ottawa Macdonald-Cartier Int'l Airport,45.3,-75.6,Sunny,14.6,47,4,,102.2,24,WNW,20.0,
2018-05-21 10:00:00,Canada/Eastern,10,YOW,Ottawa Macdonald-Cartier Int'l Airport,45.3,-75.6,Sunny,17.2,46,6,,102.2,24,W,13.0,
2018-05-21 11:00:00,Canada/Eastern,11,YOW,Ottawa Macdonald-Cartier Int'l Airport,45.3,-75.6,Sunny,19.5,42,6,,102.1,24,WSW,16.0,
2018-05-21 12:00:00,Canada/Eastern,12,YOW,Ottawa Macdonald-Cartier Int'l Airport,45.3,-75.6,Mainly Sunny,21.9,35,6,,102.1,24,WSW,15.0,
2018-05-21 13:00:00,Canada/Eastern,13,YOW,Ottawa Macdonald-Cartier Int'l Airport,45.3,-75.6,Mainly Sunny,24.4,30,6,,102.0,24,W,26.0,
2018-05-21 14:00:00,Canada/Eastern,14,YOW,Ottawa Macdonald-Cartier Int'l Airport,45.3,-75.6,Partly Cloudy,24.5,31,7,,102.0,24,NW,22.0,
2018-05-21 15:00:00,Canada/Eastern,15,YOW,Ottawa Macdonald-Cartier Int'l Airport,45.3,-75.6,Partly Cloudy,25.1,30,7,,101.9,24,W,25.0,
2018-05-21 16:00:00,Canada/Eastern,16,YOW,Ottawa Macdonald-Cartier Int'l Airport,45.3,-75.6,Mostly Cloudy,25.2,28,6,,101.9,24,WNW,22.0,
2018-05-21 17:00:00,Canada/Eastern,17,YOW,Ottawa Macdonald-Cartier Int'l Airport,45.3,-75.6,Mostly Cloudy,25.5,32,8,,101.9,24,W,14.0,
2018-05-21 18:00:00,Canada/Eastern,18,YOW,Ottawa Macdonald-Cartier Int'l Airport,45.3,-75.6,Mostly Cloudy,25.4,29,6,,101.9,24,WNW,18.0,
2018-05-21 19:00:00,Canada/Eastern,19,YOW,Ottawa Macdonald-Cartier Int'l Airport,45.3,-75.6,Mostly Cloudy,23.6,36,8,,101.9,24,W,12.0,
2018-05-21 20:00:00,Canada/Eastern,20,YOW,Ottawa Macdonald-Cartier Int'l Airport,45.3,-75.6,Mostly Cloudy,22.1,34,6,,101.9,24,NW,14.0,
2018-05-21 21:00:00,Canada/Eastern,21,YOW,Ottawa Macdonald-Cartier Int'l Airport,45.3,-75.6,Partly Cloudy,19.4,50,9,,102.0,24,S,12.0,
2018-05-21 22:00:00,Canada/Eastern,22,YOW,Ottawa Macdonald-Cartier Int'l Airport,45.3,-75.6,Mainly Clear,17.7,56,9,,102.0,24,S,10.0,
2018-05-21 23:00:00,Canada/Eastern,23,YOW,Ottawa Macdonald-Cartier Int'l Airport,45.3,-75.6,Mainly Clear,14.0,69,8,,102.0,24,S,7.0,
2018-05-22 00:00:00,Canada/Eastern,0,YOW,Ottawa Macdonald-Cartier Int'l Airport,45.3,-75.6,Mainly Clear,15.3,63,9,,102.0,24,S,13.0,
2018-05-22 01:00:00,Canada/Eastern,1,YOW,Ottawa Macdonald-Cartier Int'l Airport,45.3,-75.6,Partly Cloudy,14.7,65,8,,102.0,24,S,13.0,
2018-05-22 02:00:00,Canada/Eastern,2,YOW,Ottawa Macdonald-Cartier Int'l Airport,45.3,-75.6,Mainly Clear,13.3,70,8,,102.0,24,SSW,10.0,
2018-05-21 03:00:00,Canada/Eastern,3,YUL,Montreal-Trudeau Int'l Airport,45.4,-73.7,Clear,10.7,66,5,,101.9,24,SSW,11.0,
2018-05-21 04:00:00,Canada/Eastern,4,YUL,Montreal-Trudeau Int'l Airport,45.4,-73.7,Clear,9.8,69,4,,101.9,24,SW,13.0,
2018-05-21 05:00:00,Canada/Eastern,5,YUL,Montreal-Trudeau Int'l Airport,45.4,-73.7,Mainly Clear,8.0,79,5,,102.0,48,SW,11.0,
2018-05-21 06:00:00,Canada/Eastern,6,YUL,Montreal-Trudeau Int'l Airport,45.4,-73.7,Sunny,9.4,73,5,,102.0,48,SSW,11.0,
2018-05-21 07:00:00,Canada/Eastern,7,YUL,Montreal-Trudeau Int'l Airport,45.4,-73.7,Sunny,10.8,67,5,,102.0,48,SW,12.0,
2018-05-21 08:00:00,Canada/Eastern,8,YUL,Montreal-Trudeau Int'l Airport,45.4,-73.7,Sunny,13.4,59,6,,102.1,48,SSW,10.0,
2018-05-21 09:00:00,Canada/Eastern,9,YUL,Montreal-Trudeau Int'l Airport,45.4,-73.7,Sunny,15.1,53,6,,102.0,48,SW,14.0,
2018-05-21 10:00:00,Canada/Eastern,10,YUL,Montreal-Trudeau Int'l Airport,45.4,-73.7,Sunny,16.8,50,7,,102.0,48,SSW,21.0,
2018-05-21 11:00:00,Canada/Eastern,11,YUL,Montreal-Trudeau Int'l Airport,45.4,-73.7,Sunny,17.7,56,9,,102.0,48,SW,28.0,
2018-05-21 12:00:00,Canada/Eastern,12,YUL,Montreal-Trudeau Int'l Airport,45.4,-73.7,Mainly Sunny,20.1,46,8,21.0,101.9,48,SSW,28.0,
2018-05-21 13:00:00,Canada/Eastern,13,YUL,Montreal-Trudeau Int'l Airport,45.4,-73.7,Partly Cloudy,22.2,35,6,,101.8,48,WSW,28.0,
2018-05-21 14:00:00,Canada/Eastern,14,YUL,Montreal-Trudeau Int'l Airport,45.4,-73.7,Partly Cloudy,23.3,32,6,,101.8,48,W,32.0,
2018-05-21 15:00:00,Canada/Eastern,15,YUL,Montreal-Trudeau Int'l Airport,45.4,-73.7,Mostly Cloudy,24.6,31,7,,101.7,48,WSW,27.0,
2018-05-21 16:00:00,Canada/Eastern,16,YUL,Montreal-Trudeau Int'l Airport,45.4,-73.7,Mostly Cloudy,24.8,31,7,,101.7,48,W,26.0,
2018-05-21 17:00:00,Canada/Eastern,17,YUL,Montreal-Trudeau Int'l Airport,45.4,-73.7,Mostly Cloudy,24.7,33,8,,101.7,48,W,24.0,
2018-05-21 18:00:00,Canada/Eastern,18,YUL,Montreal-Trudeau Int'l Airport,45.4,-73.7,Mostly Cloudy,24.8,31,7,,101.7,48,W,27.0,
2018-05-21 19:00:00,Canada/Eastern,19,YUL,Montreal-Trudeau Int'l Airport,45.4,-73.7,Mostly Cloudy,24.1,27,4,,101.8,48,WNW,19.0,
2018-05-21 20:00:00,Canada/Eastern,20,YUL,Montreal-Trudeau Int'l Airport,45.4,-73.7,Mostly Cloudy,22.4,32,5,,101.8,48,WNW,8.0,
2018-05-21 21:00:00,Canada/Eastern,21,YUL,Montreal-Trudeau Int'l Airport,45.4,-73.7,Mostly Cloudy,19.7,45,8,,101.9,24,SW,10.0,
2018-05-21 22:00:00,Canada/Eastern,22,YUL,Montreal-Trudeau Int'l Airport,45.4,-73.7,Partly Cloudy,17.8,51,8,,101.9,24,W,13.0,
2018-05-21 23:00:00,Canada/Eastern,23,YUL,Montreal-Trudeau Int'l Airport,45.4,-73.7,Mostly Cloudy,16.9,51,7,,102.0,24,WSW,14.0,
2018-05-22 00:00:00,Canada/Eastern,0,YUL,Montreal-Trudeau Int'l Airport,45.4,-73.7,Mostly Cloudy,16.5,45,5,,102.0,24,WSW,13.0,
2018-05-22 01:00:00,Canada/Eastern,1,YUL,Montreal-Trudeau Int'l Airport,45.4,-73.7,Mostly Cloudy,16.3,46,5,,102.0,24,SW,10.0,
2018-05-22 02:00:00,Canada/Eastern,2,YUL,Montreal-Trudeau Int'l Airport,45.4,-73.7,Mostly Cloudy,14.8,57,6,,102.0,24,SW,12.0,
2018-05-21 03:00:00,Canada/Eastern,3,YQB,Quebec Lesage Int'l Airport,46.7,-71.3,Mainly Clear,7.6,59,0,,101.6,24,SSW,10.0,
2018-05-21 04:00:00,Canada/Eastern,4,YQB,Quebec Lesage Int'l Airport,46.7,-71.3,Mainly Clear,6.8,65,1,,101.6,24,SSW,14.0,
2018-05-21 05:00:00,Canada/Eastern,5,YQB,Quebec Lesage Int'l Airport,46.7,-71.3,Partly Cloudy,6.1,72,1,,101.7,48,SW,9.0,
2018-05-21 06:00:00,Canada/Eastern,6,YQB,Quebec Lesage Int'l Airport,46.7,-71.3,Mainly Sunny,7.2,72,2,,101.7,48,SSW,12.0,
2018-05-21 07:00:00,Canada/Eastern,7,YQB,Quebec Lesage Int'l Airport,46.7,-71.3,Partly Cloudy,8.3,72,4,,101.7,48,SW,7.0,
2018-05-21 08:00:00,Canada/Eastern,8,YQB,Quebec Lesage Int'l Airport,46.7,-71.3,Mainly Sunny,11.7,57,4,,101.7,48,SW,20.0,
2018-05-21 09:00:00,Canada/Eastern,9,YQB,Quebec Lesage Int'l Airport,46.7,-71.3,Mainly Sunny,14.7,46,3,,101.7,48,SW,19.0,
2018-05-21 10:00:00,Canada/Eastern,10,YQB,Quebec Lesage Int'l Airport,46.7,-71.3,Mainly Sunny,16.9,42,4,,101.6,48,SW,27.0,
2018-05-21 11:00:00,Canada/Eastern,11,YQB,Quebec Lesage Int'l Airport,46.7,-71.3,Mainly Sunny,18.2,41,5,,101.6,48,SW,27.0,
2018-05-21 12:00:00,Canada/Eastern,12,YQB,Quebec Lesage Int'l Airport,46.7,-71.3,Partly Cloudy,20.2,35,4,,101.5,48,W,26.0,
2018-05-21 13:00:00,Canada/Eastern,13,YQB,Quebec Lesage Int'l Airport,46.7,-71.3,Partly Cloudy,21.0,32,4,,101.5,48,NW,12.0,
2018-05-21 14:00:00,Canada/Eastern,14,YQB,Quebec Lesage Int'l Airport,46.7,-71.3,Mainly Sunny,21.8,28,3,,101.5,48,WNW,21.0,
2018-05-21 15:00:00,Canada/Eastern,15,YQB,Quebec Lesage Int'l Airport,46.7,-71.3,Mainly Sunny,21.7,23,0,,101.5,48,WNW,23.0,
2018-05-21 16:00:00,Canada/Eastern,16,YQB,Quebec Lesage Int'l Airport,46.7,-71.3,Mainly Sunny,22.0,22,0,,101.6,48,NW,19.0,
2018-05-21 17:00:00,Canada/Eastern,17,YQB,Quebec Lesage Int'l Airport,46.7,-71.3,Mainly Sunny,21.9,22,-1,,101.6,48,NW,17.0,
2018-05-21 18:00:00,Canada/Eastern,18,YQB,Quebec Lesage Int'l Airport,46.7,-71.3,Mainly Sunny,21.4,22,-1,,101.6,48,WNW,15.0,
2018-05-21 19:00:00,Canada/Eastern,19,YQB,Quebec Lesage Int'l Airport,46.7,-71.3,Mainly Sunny,20.5,24,-1,,101.7,48,NW,8.0,
2018-05-21 20:00:00,Canada/Eastern,20,YQB,Quebec Lesage Int'l Airport,46.7,-71.3,Mainly Sunny,18.4,27,-1,,101.8,48,NW,6.0,
2018-05-21 21:00:00,Canada/Eastern,21,YQB,Quebec Lesage Int'l Airport,46.7,-71.3,Mainly Clear,15.5,34,0,,101.8,48,N,4.0,
2018-05-21 22:00:00,Canada/Eastern,22,YQB,Quebec Lesage Int'l Airport,46.7,-71.3,Mainly Clear,11.5,45,0,,101.9,24,N,2.0,
2018-05-21 23:00:00,Canada/Eastern,23,YQB,Quebec Lesage Int'l Airport,46.7,-71.3,Clear,10.1,55,2,,101.9,24,E,3.0,
2018-05-22 00:00:00,Canada/Eastern,0,YQB,Quebec Lesage Int'l Airport,46.7,-71.3,Clear,8.2,76,4,,101.9,24,NE,6.0,
2018-05-22 01:00:00,Canada/Eastern,1,YQB,Quebec Lesage Int'l Airport,46.7,-71.3,Clear,9.6,51,0,,102.0,24,NE,9.0,
2018-05-22 02:00:00,Canada/Eastern,2,YQB,Quebec Lesage Int'l Airport,46.7,-71.3,Clear,6.5,70,1,,102.0,24,,0.0,
2018-05-21 04:00:00,Canada/Atlantic,4,YFC,Fredericton Int'l Airport,45.8,-66.5,Clear,3.0,98,3,,101.4,16,SSW,8.0,
2018-05-21 05:00:00,Canada/Atlantic,5,YFC,Fredericton Int'l Airport,45.8,-66.5,Clear,2.2,100,2,,101.5,16,SW,5.0,
2018-05-21 06:00:00,Canada/Atlantic,6,YFC,Fredericton Int'l Airport,45.8,-66.5,Mainly Sunny,1.2,100,1,,101.5,16,SSW,8.0,
2018-05-21 07:00:00,Canada/Atlantic,7,YFC,Fredericton Int'l Airport,45.8,-66.5,Sunny,3.3,97,3,,101.6,16,SSW,9.0,
2018-05-21 08:00:00,Canada/Atlantic,8,YFC,Fredericton Int'l Airport,45.8,-66.5,Sunny,8.0,77,4,,101.6,16,SSW,5.0,
2018-05-21 09:00:00,Canada/Atlantic,9,YFC,Fredericton Int'l Airport,45.8,-66.5,Sunny,13.7,48,3,,101.5,16,SSW,9.0,
2018-05-21 10:00:00,Canada/Atlantic,10,YFC,Fredericton Int'l Airport,45.8,-66.5,Sunny,17.3,32,1,,101.5,16,W,15.0,
2018-05-21 11:00:00,Canada/Atlantic,11,YFC,Fredericton Int'l Airport,45.8,-66.5,Sunny,19.1,29,1,,101.4,16,WSW,26.0,
2018-05-21 12:00:00,Canada/Atlantic,12,YFC,Fredericton Int'l Airport,45.8,-66.5,Sunny,20.0,26,0,,101.3,16,W,28.0,
2018-05-21 13:00:00,Canada/Atlantic,13,YFC,Fredericton Int'l Airport,45.8,-66.5,Sunny,21.4,23,-1,,101.3,16,WNW,24.0,
2018-05-21 14:00:00,Canada/Atlantic,14,YFC,Fredericton Int'l Airport,45.8,-66.5,Mostly Cloudy,22.4,24,1,,101.2,16,W,24.0,
2018-05-21 15:00:00,Canada/Atlantic,15,YFC,Fredericton Int'l Airport,45.8,-66.5,Mostly Cloudy,22.9,24,2,,101.2,16,WNW,22.0,
2018-05-21 16:00:00,Canada/Atlantic,16,YFC,Fredericton Int'l Airport,45.8,-66.5,Mostly Cloudy,21.9,28,3,,101.2,16,NW,26.0,
2018-05-21 17:00:00,Canada/Atlantic,17,YFC,Fredericton Int'l Airport,45.8,-66.5,Partly Cloudy,22.4,27,3,,101.2,16,NW,22.0,
2018-05-21 18:00:00,Canada/Atlantic,18,YFC,Fredericton Int'l Airport,45.8,-66.5,Mostly Cloudy,22.2,25,1,,101.2,16,NW,32.0,
2018-05-21 19:00:00,Canada/Atlantic,19,YFC,Fredericton Int'l Airport,45.8,-66.5,Sunny,21.2,25,1,,101.3,16,WNW,24.0,
2018-05-21 20:00:00,Canada/Atlantic,20,YFC,Fredericton Int'l Airport,45.8,-66.5,Sunny,18.7,27,-1,,101.5,16,N,22.0,
2018-05-21 21:00:00,Canada/Atlantic,21,YFC,Fredericton Int'l Airport,45.8,-66.5,Clear,15.5,30,-2,,101.6,16,N,15.0,
2018-05-21 22:00:00,Canada/Atlantic,22,YFC,Fredericton Int'l Airport,45.8,-66.5,Clear,13.6,29,-4,,101.8,16,NNW,13.0,
2018-05-21 23:00:00,Canada/Atlantic,23,YFC,Fredericton Int'l Airport,45.8,-66.5,Clear,12.0,32,-4,,101.9,16,NNW,13.0,
2018-05-22 00:00:00,Canada/Atlantic,0,YFC,Fredericton Int'l Airport,45.8,-66.5,Clear,11.0,32,-5,,101.9,16,NW,4.0,
2018-05-22 01:00:00,Canada/Atlantic,1,YFC,Fredericton Int'l Airport,45.8,-66.5,Clear,6.2,64,0,,102.0,16,SSW,5.0,
2018-05-22 02:00:00,Canada/Atlantic,2,YFC,Fredericton Int'l Airport,45.8,-66.5,Clear,4.8,68,-1,,102.0,16,,0.0,
2018-05-22 03:00:00,Canada/Atlantic,3,YFC,Fredericton Int'l Airport,45.8,-66.5,Clear,3.1,81,0,,102.0,16,NW,5.0,
2018-05-21 04:00:00,Canada/Atlantic,4,YHZ,Halifax Stanfield Int'l Airport,44.8,-63.5,Mainly Clear,9.4,99,9,,101.3,24,N,9.0,
2018-05-21 05:00:00,Canada/Atlantic,5,YHZ,Halifax Stanfield Int'l Airport,44.8,-63.5,Mainly Clear,8.7,100,9,,101.3,24,NNW,9.0,
2018-05-21 06:00:00,Canada/Atlantic,6,YHZ,Halifax Stanfield Int'l Airport,44.8,-63.5,Mainly Sunny,8.2,96,8,,101.4,24,WNW,7.0,
2018-05-21 07:00:00,Canada/Atlantic,7,YHZ,Halifax Stanfield Int'l Airport,44.8,-63.5,Sunny,10.3,92,9,,101.5,24,W,9.0,
2018-05-21 08:00:00,Canada/Atlantic,8,YHZ,Halifax Stanfield Int'l Airport,44.8,-63.5,Mainly Sunny,11.0,89,9,,101.5,24,WNW,9.0,
2018-05-21 09:00:00,Canada/Atlantic,9,YHZ,Halifax Stanfield Int'l Airport,44.8,-63.5,Sunny,12.7,69,7,,101.5,24,WSW,12.0,
2018-05-21 10:00:00,Canada/Atlantic,10,YHZ,Halifax Stanfield Int'l Airport,44.8,-63.5,Sunny,14.5,63,8,,101.6,24,W,12.0,
2018-05-21 11:00:00,Canada/Atlantic,11,YHZ,Halifax Stanfield Int'l Airport,44.8,-63.5,Mainly Sunny,15.9,45,4,,101.5,24,W,20.0,
2018-05-21 12:00:00,Canada/Atlantic,12,YHZ,Halifax Stanfield Int'l Airport,44.8,-63.5,Mainly Sunny,17.0,39,3,,101.5,24,WSW,24.0,
2018-05-21 13:00:00,Canada/Atlantic,13,YHZ,Halifax Stanfield Int'l Airport,44.8,-63.5,Mainly Sunny,17.9,36,3,,101.4,23,W,22.0,
2018-05-21 14:00:00,Canada/Atlantic,14,YHZ,Halifax Stanfield Int'l Airport,44.8,-63.5,Mainly Sunny,19.3,32,2,,101.3,24,W,34.0,
2018-05-21 15:00:00,Canada/Atlantic,15,YHZ,Halifax Stanfield Int'l Airport,44.8,-63.5,Mainly Sunny,20.3,29,2,,101.3,24,W,32.0,
2018-05-21 16:00:00,Canada/Atlantic,16,YHZ,Halifax Stanfield Int'l Airport,44.8,-63.5,Mainly Sunny,20.7,27,1,,101.2,24,WNW,34.0,
2018-05-21 17:00:00,Canada/Atlantic,17,YHZ,Halifax Stanfield Int'l Airport,44.8,-63.5,Mainly Sunny,20.3,29,2,,101.2,24,W,32.0,
2018-05-21 18:00:00,Canada/Atlantic,18,YHZ,Halifax Stanfield Int'l Airport,44.8,-63.5,Partly Cloudy,20.3,30,2,,101.3,24,WNW,30.0,
2018-05-21 19:00:00,Canada/Atlantic,19,YHZ,Halifax Stanfield Int'l Airport,44.8,-63.5,Partly Cloudy,19.3,32,2,,101.3,24,W,23.0,
2018-05-21 20:00:00,Canada/Atlantic,20,YHZ,Halifax Stanfield Int'l Airport,44.8,-63.5,Partly Cloudy,18.5,35,3,,101.4,24,WNW,15.0,
2018-05-21 21:00:00,Canada/Atlantic,21,YHZ,Halifax Stanfield Int'l Airport,44.8,-63.5,Partly Cloudy,17.4,38,3,,101.5,24,W,27.0,
2018-05-21 22:00:00,Canada/Atlantic,22,YHZ,Halifax Stanfield Int'l Airport,44.8,-63.5,Mainly Clear,15.4,46,4,,101.7,24,WNW,14.0,
2018-05-21 23:00:00,Canada/Atlantic,23,YHZ,Halifax Stanfield Int'l Airport,44.8,-63.5,Mainly Clear,11.7,57,3,,101.9,24,N,17.0,
2018-05-22 00:00:00,Canada/Atlantic,0,YHZ,Halifax Stanfield Int'l Airport,44.8,-63.5,Mainly Clear,9.6,46,-2,,101.9,24,NE,12.0,
2018-05-22 01:00:00,Canada/Atlantic,1,YHZ,Halifax Stanfield Int'l Airport,44.8,-63.5,Mainly Clear,8.4,45,-3,,102.0,24,NNE,14.0,
2018-05-22 02:00:00,Canada/Atlantic,2,YHZ,Halifax Stanfield Int'l Airport,44.8,-63.5,Mainly Clear,7.9,46,-3,,101.9,24,NE,16.0,
2018-05-22 03:00:00,Canada/Atlantic,3,YHZ,Halifax Stanfield Int'l Airport,44.8,-63.5,Clear,8.5,42,-4,,102.0,24,ENE,4.0,
2018-05-21 04:00:00,Canada/Atlantic,4,YYG,Charlottetown Airport,46.2,-63.1,Clear,6.2,84,4,,101.2,24,SW,9.0,
2018-05-21 05:00:00,Canada/Atlantic,5,YYG,Charlottetown Airport,46.2,-63.1,Mainly Clear,6.5,78,3,,101.2,24,WSW,6.0,
2018-05-21 06:00:00,Canada/Atlantic,6,YYG,Charlottetown Airport,46.2,-63.1,Sunny,5.7,81,3,,101.2,24,W,12.0,
2018-05-21 07:00:00,Canada/Atlantic,7,YYG,Charlottetown Airport,46.2,-63.1,Sunny,7.9,76,4,,101.3,24,W,15.0,
2018-05-21 08:00:00,Canada/Atlantic,8,YYG,Charlottetown Airport,46.2,-63.1,Mainly Sunny,10.0,66,4,,101.3,24,W,13.0,
2018-05-21 09:00:00,Canada/Atlantic,9,YYG,Charlottetown Airport,46.2,-63.1,Partly Cloudy,12.1,60,5,,101.3,24,W,13.0,
2018-05-21 10:00:00,Canada/Atlantic,10,YYG,Charlottetown Airport,46.2,-63.1,Mainly Sunny,14.0,55,5,,101.3,24,WSW,15.0,
2018-05-21 11:00:00,Canada/Atlantic,11,YYG,Charlottetown Airport,46.2,-63.1,Partly Cloudy,14.8,40,2,,101.2,24,SW,22.0,
2018-05-21 12:00:00,Canada/Atlantic,12,YYG,Charlottetown Airport,46.2,-63.1,Partly Cloudy,15.6,40,2,,101.2,24,SW,29.0,
2018-05-21 13:00:00,Canada/Atlantic,13,YYG,Charlottetown Airport,46.2,-63.1,Partly Cloudy,17.1,39,3,,101.1,24,WSW,26.0,
2018-05-21 14:00:00,Canada/Atlantic,14,YYG,Charlottetown Airport,46.2,-63.1,Mainly Sunny,18.0,35,3,,101.0,24,WSW,28.0,
2018-05-21 15:00:00,Canada/Atlantic,15,YYG,Charlottetown Airport,46.2,-63.1,Partly Cloudy,17.8,36,3,,100.9,24,SW,33.0,
2018-05-21 16:00:00,Canada/Atlantic,16,YYG,Charlottetown Airport,46.2,-63.1,Mostly Cloudy,18.2,37,4,,101.0,24,WSW,25.0,
2018-05-21 17:00:00,Canada/Atlantic,17,YYG,Charlottetown Airport,46.2,-63.1,Mostly Cloudy,19.3,26,-1,,101.0,24,WNW,28.0,
2018-05-21 18:00:00,Canada/Atlantic,18,YYG,Charlottetown Airport,46.2,-63.1,Mostly Cloudy,16.5,34,1,,101.1,24,NNW,27.0,
2018-05-21 19:00:00,Canada/Atlantic,19,YYG,Charlottetown Airport,46.2,-63.1,Partly Cloudy,13.7,32,-3,,101.3,24,NNW,21.0,
2018-05-21 20:00:00,Canada/Atlantic,20,YYG,Charlottetown Airport,46.2,-63.1,Mainly Sunny,11.3,38,-3,,101.4,24,NNW,21.0,
2018-05-21 21:00:00,Canada/Atlantic,21,YYG,Charlottetown Airport,46.2,-63.1,Mainly Clear,8.2,56,0,,101.6,24,N,16.0,
2018-05-21 22:00:00,Canada/Atlantic,22,YYG,Charlottetown Airport,46.2,-63.1,Clear,5.4,72,1,,101.7,24,NNE,8.0,
2018-05-21 23:00:00,Canada/Atlantic,23,YYG,Charlottetown Airport,46.2,-63.1,Clear,4.3,77,1,,101.8,24,ESE,4.0,
2018-05-22 00:00:00,Canada/Atlantic,0,YYG,Charlottetown Airport,46.2,-63.1,Clear,5.3,73,1,,101.9,24,S,3.0,
2018-05-22 01:00:00,Canada/Atlantic,1,YYG,Charlottetown Airport,46.2,-63.1,Clear,1.5,87,0,,101.9,24,S,5.0,
2018-05-22 02:00:00,Canada/Atlantic,2,YYG,Charlottetown Airport,46.2,-63.1,Clear,1.6,87,0,,101.9,24,N,3.0,
2018-05-22 03:00:00,Canada/Atlantic,3,YYG,Charlottetown Airport,46.2,-63.1,Clear,4.3,77,1,,102.0,24,SW,9.0,
2018-05-21 04:30:00,Canada/Newfoundland,4,YYT,St. John's Int'l Airport,47.6,-52.7,Mostly Cloudy,6.4,94,6,,100.2,24,W,20.0,
2018-05-21 05:30:00,Canada/Newfoundland,5,YYT,St. John's Int'l Airport,47.6,-52.7,Mostly Cloudy,5.9,94,5,,100.3,24,W,18.0,
2018-05-21 06:30:00,Canada/Newfoundland,6,YYT,St. John's Int'l Airport,47.6,-52.7,Mostly Cloudy,5.8,93,5,,100.3,24,W,16.0,
2018-05-21 07:30:00,Canada/Newfoundland,7,YYT,St. John's Int'l Airport,47.6,-52.7,Mostly Cloudy,6.0,89,4,,100.4,24,WNW,14.0,
2018-05-21 08:30:00,Canada/Newfoundland,8,YYT,St. John's Int'l Airport,47.6,-52.7,Mostly Cloudy,6.4,84,4,,100.4,24,WNW,18.0,
2018-05-21 09:30:00,Canada/Newfoundland,9,YYT,St. John's Int'l Airport,47.6,-52.7,Mostly Cloudy,6.7,73,2,,100.5,24,NW,22.0,
2018-05-21 10:30:00,Canada/Newfoundland,10,YYT,St. John's Int'l Airport,47.6,-52.7,Mostly Cloudy,7.8,66,2,,100.6,24,NW,23.0,
2018-05-21 11:30:00,Canada/Newfoundland,11,YYT,St. John's Int'l Airport,47.6,-52.7,Mostly Cloudy,8.8,64,2,,100.7,24,NW,21.0,
2018-05-21 12:30:00,Canada/Newfoundland,12,YYT,St. John's Int'l Airport,47.6,-52.7,Mostly Cloudy,10.5,56,2,,100.7,24,WNW,21.0,
2018-05-21 13:30:00,Canada/Newfoundland,13,YYT,St. John's Int'l Airport,47.6,-52.7,Mostly Cloudy,11.7,51,2,,100.7,24,W,25.0,
2018-05-21 14:30:00,Canada/Newfoundland,14,YYT,St. John's Int'l Airport,47.6,-52.7,Partly Cloudy,8.3,63,2,,100.8,24,E,15.0,
2018-05-21 15:30:00,Canada/Newfoundland,15,YYT,St. John's Int'l Airport,47.6,-52.7,Partly Cloudy,7.4,65,1,,100.8,24,SSE,20.0,
2018-05-21 16:30:00,Canada/Newfoundland,16,YYT,St. John's Int'l Airport,47.6,-52.7,Partly Cloudy,6.9,64,1,,100.9,24,SE,18.0,
2018-05-21 17:30:00,Canada/Newfoundland,17,YYT,St. John's Int'l Airport,47.6,-52.7,Partly Cloudy,5.7,66,0,,100.9,24,SE,26.0,
2018-05-21 18:30:00,Canada/Newfoundland,18,YYT,St. John's Int'l Airport,47.6,-52.7,Partly Cloudy,4.8,73,0,,100.9,24,SE,28.0,
2018-05-21 19:30:00,Canada/Newfoundland,19,YYT,St. John's Int'l Airport,47.6,-52.7,Mainly Sunny,4.2,76,0,,101.0,24,SSE,25.0,
2018-05-21 20:30:00,Canada/Newfoundland,20,YYT,St. John's Int'l Airport,47.6,-52.7,Partly Cloudy,3.1,78,0,,101.0,24,SSE,18.0,
2018-05-21 21:30:00,Canada/Newfoundland,21,YYT,St. John's Int'l Airport,47.6,-52.7,Mostly Cloudy,3.0,84,1,,101.0,24,S,13.0,
2018-05-21 22:30:00,Canada/Newfoundland,22,YYT,St. John's Int'l Airport,47.6,-52.7,Mostly Cloudy,7.0,56,-1,,100.9,24,WSW,22.0,
2018-05-21 23:30:00,Canada/Newfoundland,23,YYT,St. John's Int'l Airport,47.6,-52.7,Mostly Cloudy,7.8,55,-1,,100.9,24,WSW,32.0,
2018-05-22 00:30:00,Canada/Newfoundland,0,YYT,St. John's Int'l Airport,47.6,-52.7,Mostly Cloudy,6.2,74,2,,100.8,24,WSW,27.0,
2018-05-22 01:30:00,Canada/Newfoundland,1,YYT,St. John's Int'l Airport,47.6,-52.7,Mainly Clear,5.9,80,3,,100.7,24,WSW,22.0,
2018-05-22 02:30:00,Canada/Newfoundland,2,YYT,St. John's Int'l Airport,47.6,-52.7,Partly Cloudy,5.5,80,2,,100.7,24,W,23.0,
2018-05-22 03:30:00,Canada/Newfoundland,3,YYT,St. John's Int'l Airport,47.6,-52.7,Mainly Clear,4.6,86,3,,100.7,24,WSW,30.0,
