Datetime,Timezone,Hour of Day,Station ID,Station Name,Latitude,Longitude,Conditions,Temperature (C),Relative Humidity (%),Dew Point (C),Humidex (C),Pressure (kPa),Visibility (km),Wind Direction,Wind Speed (km/hr),Wind Chill (C)
2018-05-21 22:00,Canada/Pacific,22,YVR,Vancouver Int'l Airport,49.19,-123.18,Mainly Clear,14.8,75,10,,101.6,48,N,5,
2018-05-21 23:00,Canada/Pacific,23,YVR,Vancouver Int'l Airport,49.19,-123.18,Clear,13.5,76,9,,101.6,32,,0,
2018-05-22 0:00,Canada/Pacific,0,YVR,Vancouver Int'l Airport,49.19,-123.18,Clear,13.1,77,9,,101.6,32,E,11,
2018-05-22 1:00,Canada/Pacific,1,YVR,Vancouver Int'l Airport,49.19,-123.18,Clear,12.9,84,10,,101.6,32,E,8,
2018-05-22 2:00,Canada/Pacific,2,YVR,Vancouver Int'l Airport,49.19,-123.18,Clear,12.2,88,10,,101.6,32,E,12,
2018-05-22 3:00,Canada/Pacific,3,YVR,Vancouver Int'l Airport,49.19,-123.18,Clear,12,87,10,,101.6,32,E,9,
2018-05-22 4:00,Canada/Pacific,4,YVR,Vancouver Int'l Airport,49.19,-123.18,Clear,11.9,88,10,,101.6,32,N,2,
2018-05-22 5:00,Canada/Pacific,5,YVR,Vancouver Int'l Airport,49.19,-123.18,Fog,10.4,97,10,,101.6,48,N,2,
2018-05-22 6:00,Canada/Pacific,6,YVR,Vancouver Int'l Airport,49.19,-123.18,Mainly Sunny,11,91,10,,101.5,48,,0,
2018-05-22 7:00,Canada/Pacific,7,YVR,Vancouver Int'l Airport,49.19,-123.18,Partly Cloudy,13,92,12,,101.6,48,N,2,
2018-05-22 8:00,Canada/Pacific,8,YVR,Vancouver Int'l Airport,49.19,-123.18,Mainly Sunny,14.8,82,12,,101.6,48,SW,6,
2018-05-22 9:00,Canada/Pacific,9,YVR,Vancouver Int'l Airport,49.19,-123.18,Partly Cloudy,15.8,78,12,,101.5,48,WSW,10,
2018-05-22 10:00,Canada/Pacific,10,YVR,Vancouver Int'l Airport,49.19,-123.18,Partly Cloudy,15.9,75,12,,101.5,48,WSW,12,
2018-05-22 11:00,Canada/Pacific,11,YVR,Vancouver Int'l Airport,49.19,-123.18,Partly Cloudy,16.1,80,13,,101.5,48,WSW,15,
2018-05-22 12:00,Canada/Pacific,12,YVR,Vancouver Int'l Airport,49.19,-123.18,Mainly Sunny,17.4,77,13,,101.4,48,W,12,
2018-05-22 13:00,Canada/Pacific,13,YVR,Vancouver Int'l Airport,49.19,-123.18,Mainly Sunny,18.2,68,12,,101.4,48,SW,12,
2018-05-22 14:00,Canada/Pacific,14,YVR,Vancouver Int'l Airport,49.19,-123.18,Mainly Sunny,18.8,64,12,,101.3,48,SW,12,
2018-05-22 15:00,Canada/Pacific,15,YVR,Vancouver Int'l Airport,49.19,-123.18,Mainly Sunny,19.5,62,12,,101.2,48,WSW,12,
2018-05-22 16:00,Canada/Pacific,16,YVR,Vancouver Int'l Airport,49.19,-123.18,Sunny,19.4,67,13,,101.2,48,WSW,10,
2018-05-22 17:00,Canada/Pacific,17,YVR,Vancouver Int'l Airport,49.19,-123.18,Mainly Sunny,20.1,64,13,23,101.1,48,WSW,9,
2018-05-22 18:00,Canada/Pacific,18,YVR,Vancouver Int'l Airport,49.19,-123.18,Sunny,19.7,59,12,,101,48,WSW,11,
2018-05-22 19:00,Canada/Pacific,19,YVR,Vancouver Int'l Airport,49.19,-123.18,Sunny,19.6,67,14,,101,48,WNW,9,
2018-05-22 20:00,Canada/Pacific,20,YVR,Vancouver Int'l Airport,49.19,-123.18,Sunny,18.4,70,13,,101,48,W,5,
2018-05-22 21:00,Canada/Pacific,21,YVR,Vancouver Int'l Airport,49.19,-123.18,Clear,16.1,84,13,,101,48,SSW,7,
2018-05-21 22:00,Canada/Pacific,22,YYJ,Victoria Int'l Airport,48.65,-123.43,Mainly Clear,12.8,81,10,,101.6,48,NNE,7,
2018-05-21 23:00,Canada/Pacific,23,YYJ,Victoria Int'l Airport,48.65,-123.43,Clear,12.3,82,9,,101.6,48,NW,3,
2018-05-22 0:00,Canada/Pacific,0,YYJ,Victoria Int'l Airport,48.65,-123.43,Clear,11.6,88,10,,101.6,48,SW,5,
2018-05-22 1:00,Canada/Pacific,1,YYJ,Victoria Int'l Airport,48.65,-123.43,Clear,10.8,92,10,,101.6,48,W,5,
2018-05-22 2:00,Canada/Pacific,2,YYJ,Victoria Int'l Airport,48.65,-123.43,Clear,12.3,88,10,,101.6,48,WSW,8,
2018-05-22 3:00,Canada/Pacific,3,YYJ,Victoria Int'l Airport,48.65,-123.43,Clear,10,94,9,,101.6,48,WSW,4,
2018-05-22 4:00,Canada/Pacific,4,YYJ,Victoria Int'l Airport,48.65,-123.43,Mainly Clear,11,90,10,,101.5,48,W,7,
2018-05-22 5:00,Canada/Pacific,5,YYJ,Victoria Int'l Airport,48.65,-123.43,Mainly Clear,10.3,93,9,,101.5,48,WSW,4,
2018-05-22 6:00,Canada/Pacific,6,YYJ,Victoria Int'l Airport,48.65,-123.43,Mainly Sunny,10,94,9,,101.5,48,W,5,
2018-05-22 7:00,Canada/Pacific,7,YYJ,Victoria Int'l Airport,48.65,-123.43,Mainly Sunny,12.6,88,11,,101.5,48,W,9,
2018-05-22 8:00,Canada/Pacific,8,YYJ,Victoria Int'l Airport,48.65,-123.43,Mainly Sunny,14.1,80,11,,101.5,48,WSW,4,
2018-05-22 9:00,Canada/Pacific,9,YYJ,Victoria Int'l Airport,48.65,-123.43,Mainly Sunny,16.1,72,11,,101.5,32,N,3,
2018-05-22 10:00,Canada/Pacific,10,YYJ,Victoria Int'l Airport,48.65,-123.43,Mainly Sunny,16.8,76,13,,101.5,32,ESE,7,
2018-05-22 11:00,Canada/Pacific,11,YYJ,Victoria Int'l Airport,48.65,-123.43,Mainly Sunny,18.5,60,11,,101.5,32,ESE,9,
2018-05-22 12:00,Canada/Pacific,12,YYJ,Victoria Int'l Airport,48.65,-123.43,Mainly Sunny,19.9,58,11,,101.4,32,E,8,
2018-05-22 13:00,Canada/Pacific,13,YYJ,Victoria Int'l Airport,48.65,-123.43,Mainly Sunny,20.5,56,12,23,101.4,32,E,12,
2018-05-22 14:00,Canada/Pacific,14,YYJ,Victoria Int'l Airport,48.65,-123.43,Mainly Sunny,22.6,52,13,25,101.3,32,E,8,
2018-05-22 15:00,Canada/Pacific,15,YYJ,Victoria Int'l Airport,48.65,-123.43,Mainly Sunny,21.6,52,11,24,101.2,32,ESE,10,
2018-05-22 16:00,Canada/Pacific,16,YYJ,Victoria Int'l Airport,48.65,-123.43,Mainly Sunny,22.3,50,12,24,101.2,48,SE,12,
2018-05-22 17:00,Canada/Pacific,17,YYJ,Victoria Int'l Airport,48.65,-123.43,Mainly Sunny,21.6,52,12,24,101.1,48,ESE,12,
2018-05-22 18:00,Canada/Pacific,18,YYJ,Victoria Int'l Airport,48.65,-123.43,Sunny,21.3,52,11,23,101,48,ESE,14,
2018-05-22 19:00,Canada/Pacific,19,YYJ,Victoria Int'l Airport,48.65,-123.43,Sunny,20.4,60,12,23,101,48,ESE,9,
2018-05-22 20:00,Canada/Pacific,20,YYJ,Victoria Int'l Airport,48.65,-123.43,Sunny,17.8,67,12,,101,48,ENE,8,
2018-05-22 21:00,Canada/Pacific,21,YYJ,Victoria Int'l Airport,48.65,-123.43,Clear,14.9,76,11,,101,48,ENE,5,
2018-05-21 22:00,Canada/Pacific,22,YXS,Prince George Airport,53.88,-122.68,Clear,10.3,76,6,,101.5,16,N,4,
2018-05-21 23:00,Canada/Pacific,23,YXS,Prince George Airport,53.88,-122.68,Clear,9.9,77,6,,101.5,16,N,4,
2018-05-22 0:00,Canada/Pacific,0,YXS,Prince George Airport,53.88,-122.68,Clear,8.3,83,6,,101.5,16,,0,
2018-05-22 1:00,Canada/Pacific,1,YXS,Prince George Airport,53.88,-122.68,Clear,6.9,88,5,,101.5,16,E,4,
2018-05-22 2:00,Canada/Pacific,2,YXS,Prince George Airport,53.88,-122.68,Mainly Clear,7,86,5,,101.5,16,,0,
2018-05-22 3:00,Canada/Pacific,3,YXS,Prince George Airport,53.88,-122.68,Clear,6.4,89,5,,101.5,16,N,8,
2018-05-22 4:00,Canada/Pacific,4,YXS,Prince George Airport,53.88,-122.68,Clear,4.9,91,4,,101.5,16,SSE,4,
2018-05-22 5:00,Canada/Pacific,5,YXS,Prince George Airport,53.88,-122.68,Mainly Sunny,4.4,93,3,,101.6,16,,0,
2018-05-22 6:00,Canada/Pacific,6,YXS,Prince George Airport,53.88,-122.68,Partly Cloudy,4.2,96,4,,101.6,16,SE,5,
2018-05-22 7:00,Canada/Pacific,7,YXS,Prince George Airport,53.88,-122.68,Mainly Sunny,8.3,86,6,,101.6,16,SE,5,
2018-05-22 8:00,Canada/Pacific,8,YXS,Prince George Airport,53.88,-122.68,Sunny,11.2,77,7,,101.6,16,,0,
2018-05-22 9:00,Canada/Pacific,9,YXS,Prince George Airport,53.88,-122.68,Sunny,13.6,67,8,,101.6,16,SSE,5,
2018-05-22 10:00,Canada/Pacific,10,YXS,Prince George Airport,53.88,-122.68,Sunny,15.5,62,8,,101.6,11,NE,5,
2018-05-22 11:00,Canada/Pacific,11,YXS,Prince George Airport,53.88,-122.68,Sunny,17.7,51,8,,101.5,16,SSE,5,
2018-05-22 12:00,Canada/Pacific,12,YXS,Prince George Airport,53.88,-122.68,Sunny,21,45,9,22,101.4,16,SW,4,
2018-05-22 13:00,Canada/Pacific,13,YXS,Prince George Airport,53.88,-122.68,Sunny,22.2,40,8,23,101.3,16,SSE,9,
2018-05-22 14:00,Canada/Pacific,14,YXS,Prince George Airport,53.88,-122.68,Sunny,24.5,35,8,,101.2,16,SSW,13,
2018-05-22 15:00,Canada/Pacific,15,YXS,Prince George Airport,53.88,-122.68,Sunny,25.6,29,6,,101.2,16,SSW,18,
2018-05-22 16:00,Canada/Pacific,16,YXS,Prince George Airport,53.88,-122.68,Sunny,25.9,22,3,,101.1,16,SSW,18,
2018-05-22 17:00,Canada/Pacific,17,YXS,Prince George Airport,53.88,-122.68,Sunny,26.5,21,2,,101.1,16,W,13,
2018-05-22 18:00,Canada/Pacific,18,YXS,Prince George Airport,53.88,-122.68,Sunny,26.5,24,5,,101,16,NNW,4,
2018-05-22 19:00,Canada/Pacific,19,YXS,Prince George Airport,53.88,-122.68,Sunny,25.6,32,8,,101,16,N,8,
2018-05-22 20:00,Canada/Pacific,20,YXS,Prince George Airport,53.88,-122.68,Mainly Sunny,21.8,42,9,,100.9,16,N,13,
2018-05-22 21:00,Canada/Pacific,21,YXS,Prince George Airport,53.88,-122.68,Sunny,19,50,9,,100.9,16,N,11,
2018-05-21 22:00,Canada/Pacific,22,YXY,Whitehorse Airport,60.71,-135.07,Partly Cloudy,10.9,45,0,,100.4,64,SSE,14,
2018-05-21 23:00,Canada/Pacific,23,YXY,Whitehorse Airport,60.71,-135.07,Partly Cloudy,10.1,45,-1,,100.5,64,SSE,18,
2018-05-22 0:00,Canada/Pacific,0,YXY,Whitehorse Airport,60.71,-135.07,Partly Cloudy,8.8,51,-1,,100.5,24,S,22,
2018-05-22 1:00,Canada/Pacific,1,YXY,Whitehorse Airport,60.71,-135.07,Partly Cloudy,8.2,56,0,,100.6,24,SSE,25,
2018-05-22 2:00,Canada/Pacific,2,YXY,Whitehorse Airport,60.71,-135.07,Mainly Clear,7.1,62,0,,100.6,24,SSE,23,
2018-05-22 3:00,Canada/Pacific,3,YXY,Whitehorse Airport,60.71,-135.07,Mainly Clear,5.7,70,1,,100.6,24,S,10,
2018-05-22 4:00,Canada/Pacific,4,YXY,Whitehorse Airport,60.71,-135.07,Partly Cloudy,5,74,1,,100.6,64,S,13,
2018-05-22 5:00,Canada/Pacific,5,YXY,Whitehorse Airport,60.71,-135.07,Mostly Cloudy,4.8,73,1,,100.6,64,S,16,
2018-05-22 6:00,Canada/Pacific,6,YXY,Whitehorse Airport,60.71,-135.07,Mostly Cloudy,5.2,74,1,,100.6,64,S,13,
2018-05-22 7:00,Canada/Pacific,7,YXY,Whitehorse Airport,60.71,-135.07,Mostly Cloudy,5.5,73,1,,100.6,64,SSW,9,
2018-05-22 8:00,Canada/Pacific,8,YXY,Whitehorse Airport,60.71,-135.07,Light Rainshower,5.3,87,3,,100.7,64,S,13,
2018-05-22 9:00,Canada/Pacific,9,YXY,Whitehorse Airport,60.71,-135.07,Light Rainshower,5.4,88,4,,100.7,64,SE,15,
2018-05-22 10:00,Canada/Pacific,10,YXY,Whitehorse Airport,60.71,-135.07,Mostly Cloudy,6.5,81,3,,100.7,64,SSE,15,
2018-05-22 11:00,Canada/Pacific,11,YXY,Whitehorse Airport,60.71,-135.07,Partly Cloudy,9.5,67,4,,100.7,64,SSE,27,
2018-05-22 12:00,Canada/Pacific,12,YXY,Whitehorse Airport,60.71,-135.07,Light Rainshower,10.8,56,2,,100.7,64,SSE,17,
2018-05-22 13:00,Canada/Pacific,13,YXY,Whitehorse Airport,60.71,-135.07,Mostly Cloudy,10.9,46,0,,100.7,64,SSW,9,
2018-05-22 14:00,Canada/Pacific,14,YXY,Whitehorse Airport,60.71,-135.07,Partly Cloudy,11.8,37,-3,,100.7,64,SSE,27,
2018-05-22 15:00,Canada/Pacific,15,YXY,Whitehorse Airport,60.71,-135.07,Mostly Cloudy,12.4,35,-3,,100.7,64,SSE,19,
2018-05-22 16:00,Canada/Pacific,16,YXY,Whitehorse Airport,60.71,-135.07,Mostly Cloudy,12.9,32,-3,,100.7,64,SSE,27,
2018-05-22 17:00,Canada/Pacific,17,YXY,Whitehorse Airport,60.71,-135.07,Partly Cloudy,13.8,29,-4,,100.7,64,SSE,16,
2018-05-22 18:00,Canada/Pacific,18,YXY,Whitehorse Airport,60.71,-135.07,Mostly Cloudy,12.2,37,-2,,100.8,64,S,42,
2018-05-22 19:00,Canada/Pacific,19,YXY,Whitehorse Airport,60.71,-135.07,Partly Cloudy,13,33,-3,,100.8,64,SSE,20,
2018-05-22 20:00,Canada/Pacific,20,YXY,Whitehorse Airport,60.71,-135.07,Partly Cloudy,12.7,27,-6,,100.9,64,SW,21,
2018-05-22 21:00,Canada/Pacific,21,YXY,Whitehorse Airport,60.71,-135.07,Partly Cloudy,11.5,32,-5,,101,64,S,22,
2018-05-21 23:00,Canada/Mountain,23,YZF,Yellowknife Airport,62.46,-114.44,Mostly Cloudy,14.5,39,1,,100.7,24,SE,22,
2018-05-22 0:00,Canada/Mountain,0,YZF,Yellowknife Airport,62.46,-114.44,Mostly Cloudy,14.1,42,1,,100.7,24,SE,17,
2018-05-22 1:00,Canada/Mountain,1,YZF,Yellowknife Airport,62.46,-114.44,Mostly Cloudy,14.1,43,2,,100.6,24,SE,23,
2018-05-22 2:00,Canada/Mountain,2,YZF,Yellowknife Airport,62.46,-114.44,Mostly Cloudy,15.6,41,3,,100.6,24,SSE,29,
2018-05-22 3:00,Canada/Mountain,3,YZF,Yellowknife Airport,62.46,-114.44,Mostly Cloudy,14.4,45,3,,100.5,24,SSE,31,
2018-05-22 4:00,Canada/Mountain,4,YZF,Yellowknife Airport,62.46,-114.44,Mostly Cloudy,13,49,3,,100.5,24,SSE,26,
2018-05-22 5:00,Canada/Mountain,5,YZF,Yellowknife Airport,62.46,-114.44,Mostly Cloudy,11.3,55,3,,100.5,24,SSE,28,
2018-05-22 6:00,Canada/Mountain,6,YZF,Yellowknife Airport,62.46,-114.44,Mostly Cloudy,8.8,63,2,,100.5,24,S,28,
2018-05-22 7:00,Canada/Mountain,7,YZF,Yellowknife Airport,62.46,-114.44,Mostly Cloudy,7,70,2,,100.5,24,S,23,
2018-05-22 8:00,Canada/Mountain,8,YZF,Yellowknife Airport,62.46,-114.44,Mostly Cloudy,7.4,68,2,,100.5,24,S,18,
2018-05-22 9:00,Canada/Mountain,9,YZF,Yellowknife Airport,62.46,-114.44,Mostly Cloudy,8.5,66,3,,100.5,24,S,12,
2018-05-22 10:00,Canada/Mountain,10,YZF,Yellowknife Airport,62.46,-114.44,Mostly Cloudy,12.5,58,5,,100.5,24,S,9,
2018-05-22 11:00,Canada/Mountain,11,YZF,Yellowknife Airport,62.46,-114.44,Mostly Cloudy,15.9,49,5,,100.5,24,S,10,
2018-05-22 12:00,Canada/Mountain,12,YZF,Yellowknife Airport,62.46,-114.44,Mostly Cloudy,16,51,6,,100.5,24,S,11,
2018-05-22 13:00,Canada/Mountain,13,YZF,Yellowknife Airport,62.46,-114.44,Mostly Cloudy,17.7,46,6,,100.5,24,S,15,
2018-05-22 14:00,Canada/Mountain,14,YZF,Yellowknife Airport,62.46,-114.44,Mostly Cloudy,18.8,44,6,,100.4,24,SSE,20,
2018-05-22 15:00,Canada/Mountain,15,YZF,Yellowknife Airport,62.46,-114.44,Mostly Cloudy,21.1,36,6,,100.4,24,S,14,
2018-05-22 16:00,Canada/Mountain,16,YZF,Yellowknife Airport,62.46,-114.44,Mostly Cloudy,21.4,33,5,,100.4,24,S,17,
2018-05-22 17:00,Canada/Mountain,17,YZF,Yellowknife Airport,62.46,-114.44,Mostly Cloudy,23.1,30,5,,100.4,24,SSW,16,
2018-05-22 18:00,Canada/Mountain,18,YZF,Yellowknife Airport,62.46,-114.44,Mostly Cloudy,22.4,34,6,,100.4,24,SSE,18,
2018-05-22 19:00,Canada/Mountain,19,YZF,Yellowknife Airport,62.46,-114.44,Mostly Cloudy,20.6,37,5,,100.4,24,S,10,
2018-05-22 20:00,Canada/Mountain,20,YZF,Yellowknife Airport,62.46,-114.44,Mostly Cloudy,18,41,5,,100.4,24,SSW,11,
2018-05-22 21:00,Canada/Mountain,21,YZF,Yellowknife Airport,62.46,-114.44,Mostly Cloudy,18.3,42,5,,100.4,24,SSW,16,
2018-05-22 22:00,Canada/Mountain,22,YZF,Yellowknife Airport,62.46,-114.44,Mostly Cloudy,17,46,5,,100.4,24,SSW,12,
2018-05-22 1:00,Canada/Eastern,1,YFB,Iqaluit Airport,63.76,-68.56,Light Snow,-6.3,80,-9,,101.1,24,NNW,19,-13
2018-05-22 2:00,Canada/Eastern,2,YFB,Iqaluit Airport,63.76,-68.56,Light Snow,-6.4,81,-9,,101.1,24,NNW,20,-13
2018-05-22 3:00,Canada/Eastern,3,YFB,Iqaluit Airport,63.76,-68.56,Light Snow,-6.6,83,-9,,101.1,16,NW,16,-13
2018-05-22 4:00,Canada/Eastern,4,YFB,Iqaluit Airport,63.76,-68.56,Light Snow,-6.6,78,-10,,101,32,NW,25,-14
2018-05-22 5:00,Canada/Eastern,5,YFB,Iqaluit Airport,63.76,-68.56,Light Snow,-7,76,-10,,101.1,24,NW,23,-15
2018-05-22 6:00,Canada/Eastern,6,YFB,Iqaluit Airport,63.76,-68.56,Light Snow,-7.1,77,-11,,101,24,NW,22,-15
2018-05-22 7:00,Canada/Eastern,7,YFB,Iqaluit Airport,63.76,-68.56,Light Snow,-6.9,73,-11,,101,10,NNW,26,-15
2018-05-22 8:00,Canada/Eastern,8,YFB,Iqaluit Airport,63.76,-68.56,Light Snow,-6.5,77,-10,,101,10,NW,24,-14
2018-05-22 9:00,Canada/Eastern,9,YFB,Iqaluit Airport,63.76,-68.56,Light Snow,-6.5,78,-10,,101,10,NNW,31,-15
2018-05-22 10:00,Canada/Eastern,10,YFB,Iqaluit Airport,63.76,-68.56,Light Snow,-6,80,-9,,101,6,NNW,25,-14
2018-05-22 11:00,Canada/Eastern,11,YFB,Iqaluit Airport,63.76,-68.56,Light Snow,-5,78,-8,,100.9,10,NNW,36,-14
2018-05-22 12:00,Canada/Eastern,12,YFB,Iqaluit Airport,63.76,-68.56,Light Snow,-4.7,78,-8,,100.9,10,NNW,35,-13
2018-05-22 13:00,Canada/Eastern,13,YFB,Iqaluit Airport,63.76,-68.56,Light Snow,-3.9,78,-7,,100.8,16,NW,34,-12
2018-05-22 14:00,Canada/Eastern,14,YFB,Iqaluit Airport,63.76,-68.56,Mostly Cloudy,-2.8,76,-7,,100.8,19,NW,37,-11
2018-05-22 15:00,Canada/Eastern,15,YFB,Iqaluit Airport,63.76,-68.56,Mostly Cloudy,-3,77,-7,,100.8,19,NW,41,-12
2018-05-22 16:00,Canada/Eastern,16,YFB,Iqaluit Airport,63.76,-68.56,Light Snow,-3.6,81,-6,,100.8,24,NW,48,-13
2018-05-22 17:00,Canada/Eastern,17,YFB,Iqaluit Airport,63.76,-68.56,Mostly Cloudy,-3.6,83,-6,,100.8,24,NNW,48,-13
2018-05-22 18:00,Canada/Eastern,18,YFB,Iqaluit Airport,63.76,-68.56,Mostly Cloudy,-3.5,82,-6,,100.8,32,NNW,51,-13
2018-05-22 19:00,Canada/Eastern,19,YFB,Iqaluit Airport,63.76,-68.56,Partly Cloudy,-4,84,-6,,100.8,32,NNW,54,-14
2018-05-22 20:00,Canada/Eastern,20,YFB,Iqaluit Airport,63.76,-68.56,Mostly Cloudy,-4.2,83,-7,,100.9,32,NW,35,-13
2018-05-22 21:00,Canada/Eastern,21,YFB,Iqaluit Airport,63.76,-68.56,Mostly Cloudy,-5.2,82,-8,,100.9,32,NNW,41,-14
2018-05-22 22:00,Canada/Eastern,22,YFB,Iqaluit Airport,63.76,-68.56,Mostly Cloudy,-6.2,84,-9,,101,32,NW,38,-16
2018-05-22 23:00,Canada/Eastern,23,YFB,Iqaluit Airport,63.76,-68.56,Mostly Cloudy,-5.7,82,-8,,101,32,NW,16,-12
2018-05-23 0:00,Canada/Eastern,0,YFB,Iqaluit Airport,63.76,-68.56,Light Snow,-5.5,83,-8,,100.9,24,WNW,16,-11
2018-05-21 23:00,Canada/Mountain,23,YEG,Edmonton Int'l Airport,53.31,-113.58,Partly Cloudy,16,50,6,,101.2,24,NNE,6,
2018-05-22 0:00,Canada/Mountain,0,YEG,Edmonton Int'l Airport,53.31,-113.58,Mainly Clear,11.6,65,5,,101.3,24,SSW,5,
2018-05-22 1:00,Canada/Mountain,1,YEG,Edmonton Int'l Airport,53.31,-113.58,Mainly Clear,10.6,67,5,,101.3,24,SSW,9,
2018-05-22 2:00,Canada/Mountain,2,YEG,Edmonton Int'l Airport,53.31,-113.58,Mainly Clear,8,76,4,,101.4,24,SE,6,
2018-05-22 3:00,Canada/Mountain,3,YEG,Edmonton Int'l Airport,53.31,-113.58,Mainly Clear,7.4,77,4,,101.4,24,SSW,4,
2018-05-22 4:00,Canada/Mountain,4,YEG,Edmonton Int'l Airport,53.31,-113.58,Mainly Clear,5.2,85,3,,101.5,24,S,6,
2018-05-22 5:00,Canada/Mountain,5,YEG,Edmonton Int'l Airport,53.31,-113.58,Partly Cloudy,5.5,85,3,,101.5,24,S,7,
2018-05-22 6:00,Canada/Mountain,6,YEG,Edmonton Int'l Airport,53.31,-113.58,Mainly Sunny,5.7,84,3,,101.5,24,S,7,
2018-05-22 7:00,Canada/Mountain,7,YEG,Edmonton Int'l Airport,53.31,-113.58,Mainly Sunny,9.8,75,6,,101.5,24,SSE,4,
2018-05-22 8:00,Canada/Mountain,8,YEG,Edmonton Int'l Airport,53.31,-113.58,Mainly Sunny,14.6,62,8,,101.5,24,W,8,
2018-05-22 9:00,Canada/Mountain,9,YEG,Edmonton Int'l Airport,53.31,-113.58,Sunny,18.5,49,8,,101.5,24,N,2,
2018-05-22 10:00,Canada/Mountain,10,YEG,Edmonton Int'l Airport,53.31,-113.58,Sunny,21.4,40,7,22,101.5,24,N,3,
2018-05-22 11:00,Canada/Mountain,11,YEG,Edmonton Int'l Airport,53.31,-113.58,Mainly Sunny,23.1,35,7,,101.5,24,NE,6,
2018-05-22 12:00,Canada/Mountain,12,YEG,Edmonton Int'l Airport,53.31,-113.58,Mainly Sunny,24.4,30,6,,101.5,24,ESE,8,
2018-05-22 13:00,Canada/Mountain,13,YEG,Edmonton Int'l Airport,53.31,-113.58,Partly Cloudy,24.5,27,4,,101.5,24,N,2,
2018-05-22 14:00,Canada/Mountain,14,YEG,Edmonton Int'l Airport,53.31,-113.58,Mostly Cloudy,24.8,25,4,,101.5,24,ENE,10,
2018-05-22 15:00,Canada/Mountain,15,YEG,Edmonton Int'l Airport,53.31,-113.58,Partly Cloudy,27,23,4,,101.4,24,E,16,
2018-05-22 16:00,Canada/Mountain,16,YEG,Edmonton Int'l Airport,53.31,-113.58,Partly Cloudy,26.7,22,4,,101.4,24,E,4,
2018-05-22 17:00,Canada/Mountain,17,YEG,Edmonton Int'l Airport,53.31,-113.58,Partly Cloudy,27.3,21,4,,101.4,24,E,11,
2018-05-22 18:00,Canada/Mountain,18,YEG,Edmonton Int'l Airport,53.31,-113.58,Partly Cloudy,27.4,23,5,,101.3,24,E,12,
2018-05-22 19:00,Canada/Mountain,19,YEG,Edmonton Int'l Airport,53.31,-113.58,Partly Cloudy,26.4,23,4,,101.3,24,SSE,5,
2018-05-22 20:00,Canada/Mountain,20,YEG,Edmonton Int'l Airport,53.31,-113.58,Mainly Sunny,25.7,27,5,,101.2,24,E,15,
2018-05-22 21:00,Canada/Mountain,21,YEG,Edmonton Int'l Airport,53.31,-113.58,Mainly Sunny,22,36,7,,101.2,24,ESE,15,
2018-05-22 22:00,Canada/Mountain,22,YEG,Edmonton Int'l Airport,53.31,-113.58,Mainly Clear,17.2,46,6,,101.3,24,ESE,16,
2018-05-21 23:00,Canada/Mountain,23,YYC,Calgary Int'l Airport,51.12,-114.01,Partly Cloudy,15.9,45,4,,101.4,24,E,11,
2018-05-22 0:00,Canada/Mountain,0,YYC,Calgary Int'l Airport,51.12,-114.01,Mainly Clear,16.3,44,4,,101.4,24,NE,5,
2018-05-22 1:00,Canada/Mountain,1,YYC,Calgary Int'l Airport,51.12,-114.01,Partly Cloudy,13.6,55,5,,101.5,24,NNW,7,
2018-05-22 2:00,Canada/Mountain,2,YYC,Calgary Int'l Airport,51.12,-114.01,Mostly Cloudy,14.8,50,5,,101.5,24,WNW,3,
2018-05-22 3:00,Canada/Mountain,3,YYC,Calgary Int'l Airport,51.12,-114.01,Mostly Cloudy,11.4,65,5,,101.6,24,NNE,7,
2018-05-22 4:00,Canada/Mountain,4,YYC,Calgary Int'l Airport,51.12,-114.01,Mostly Cloudy,11,67,5,,101.6,24,NW,4,
2018-05-22 5:00,Canada/Mountain,5,YYC,Calgary Int'l Airport,51.12,-114.01,Mostly Cloudy,10.6,69,5,,101.6,24,N,7,
2018-05-22 6:00,Canada/Mountain,6,YYC,Calgary Int'l Airport,51.12,-114.01,Mostly Cloudy,10.1,71,5,,101.7,48,N,7,
2018-05-22 7:00,Canada/Mountain,7,YYC,Calgary Int'l Airport,51.12,-114.01,Partly Cloudy,11.5,65,5,,101.7,48,NNW,10,
2018-05-22 8:00,Canada/Mountain,8,YYC,Calgary Int'l Airport,51.12,-114.01,Mainly Sunny,12.9,60,5,,101.7,64,SW,6,
2018-05-22 9:00,Canada/Mountain,9,YYC,Calgary Int'l Airport,51.12,-114.01,Mainly Sunny,17,48,6,,101.7,64,SW,6,
2018-05-22 10:00,Canada/Mountain,10,YYC,Calgary Int'l Airport,51.12,-114.01,Mainly Sunny,19.5,41,6,,101.7,64,SSW,9,
2018-05-22 11:00,Canada/Mountain,11,YYC,Calgary Int'l Airport,51.12,-114.01,Mainly Sunny,20.9,36,5,,101.7,64,SSW,10,
2018-05-22 12:00,Canada/Mountain,12,YYC,Calgary Int'l Airport,51.12,-114.01,Mainly Sunny,22.2,35,6,,101.6,64,S,18,
2018-05-22 13:00,Canada/Mountain,13,YYC,Calgary Int'l Airport,51.12,-114.01,Mainly Sunny,23.2,31,5,,101.6,64,S,18,
2018-05-22 14:00,Canada/Mountain,14,YYC,Calgary Int'l Airport,51.12,-114.01,Partly Cloudy,24.3,27,4,,101.5,48,SSE,20,
2018-05-22 15:00,Canada/Mountain,15,YYC,Calgary Int'l Airport,51.12,-114.01,Partly Cloudy,25,26,4,,101.5,48,S,9,
2018-05-22 16:00,Canada/Mountain,16,YYC,Calgary Int'l Airport,51.12,-114.01,Partly Cloudy,25.5,25,4,,101.5,48,SE,16,
2018-05-22 17:00,Canada/Mountain,17,YYC,Calgary Int'l Airport,51.12,-114.01,Partly Cloudy,25.4,23,3,,101.4,48,ESE,21,
2018-05-22 18:00,Canada/Mountain,18,YYC,Calgary Int'l Airport,51.12,-114.01,Partly Cloudy,25.4,23,3,,101.4,48,S,16,
2018-05-22 19:00,Canada/Mountain,19,YYC,Calgary Int'l Airport,51.12,-114.01,Partly Cloudy,23.4,26,3,,101.4,24,SE,15,
2018-05-22 20:00,Canada/Mountain,20,YYC,Calgary Int'l Airport,51.12,-114.01,Partly Cloudy,23.4,28,4,,101.4,48,SSE,19,
2018-05-22 21:00,Canada/Mountain,21,YYC,Calgary Int'l Airport,51.12,-114.01,Mainly Sunny,21.6,30,4,,101.4,48,SSE,14,
2018-05-22 22:00,Canada/Mountain,22,YYC,Calgary Int'l Airport,51.12,-114.01,Mainly Clear,20.4,34,4,,101.4,32,SE,15,
2018-05-21 23:00,Canada/Central,23,YXE,Saskatoon Diefenbaker Int'l Airport,52.17,-106.7,Partly Cloudy,17.6,45,6,,100.9,24,NE,17,
2018-05-22 0:00,Canada/Central,0,YXE,Saskatoon Diefenbaker Int'l Airport,52.17,-106.7,Mainly Clear,16,52,6,,101,24,ENE,10,
2018-05-22 1:00,Canada/Central,1,YXE,Saskatoon Diefenbaker Int'l Airport,52.17,-106.7,Mainly Clear,13.1,61,6,,101,24,NNE,11,
2018-05-22 2:00,Canada/Central,2,YXE,Saskatoon Diefenbaker Int'l Airport,52.17,-106.7,Mainly Clear,12.3,66,6,,101,24,N,11,
2018-05-22 3:00,Canada/Central,3,YXE,Saskatoon Diefenbaker Int'l Airport,52.17,-106.7,Mainly Clear,12.3,70,7,,101.1,24,NNE,16,
2018-05-22 4:00,Canada/Central,4,YXE,Saskatoon Diefenbaker Int'l Airport,52.17,-106.7,Mainly Clear,12.2,76,8,,101.1,24,NNE,16,
2018-05-22 5:00,Canada/Central,5,YXE,Saskatoon Diefenbaker Int'l Airport,52.17,-106.7,Partly Cloudy,12.1,79,9,,101.1,24,ENE,16,
2018-05-22 6:00,Canada/Central,6,YXE,Saskatoon Diefenbaker Int'l Airport,52.17,-106.7,Partly Cloudy,15.2,69,10,,101.2,19,NW,20,
2018-05-22 7:00,Canada/Central,7,YXE,Saskatoon Diefenbaker Int'l Airport,52.17,-106.7,Thunderstorm with light rainshowers,14,76,10,,101.3,24,W,9,
2018-05-22 8:00,Canada/Central,8,YXE,Saskatoon Diefenbaker Int'l Airport,52.17,-106.7,Mostly Cloudy,14.2,78,11,,101.4,24,W,10,
2018-05-22 9:00,Canada/Central,9,YXE,Saskatoon Diefenbaker Int'l Airport,52.17,-106.7,Partly Cloudy,16,69,10,,101.4,24,W,8,
2018-05-22 10:00,Canada/Central,10,YXE,Saskatoon Diefenbaker Int'l Airport,52.17,-106.7,Mostly Cloudy,17.8,62,11,,101.5,24,NNE,4,
2018-05-22 11:00,Canada/Central,11,YXE,Saskatoon Diefenbaker Int'l Airport,52.17,-106.7,Partly Cloudy,21.6,42,8,,101.5,24,E,4,
2018-05-22 12:00,Canada/Central,12,YXE,Saskatoon Diefenbaker Int'l Airport,52.17,-106.7,Partly Cloudy,23.7,34,7,,101.5,24,SE,4,
2018-05-22 13:00,Canada/Central,13,YXE,Saskatoon Diefenbaker Int'l Airport,52.17,-106.7,Partly Cloudy,24.4,30,6,,101.5,24,N,7,
2018-05-22 14:00,Canada/Central,14,YXE,Saskatoon Diefenbaker Int'l Airport,52.17,-106.7,Partly Cloudy,25.5,28,6,,101.4,24,E,10,
2018-05-22 15:00,Canada/Central,15,YXE,Saskatoon Diefenbaker Int'l Airport,52.17,-106.7,Mostly Cloudy,26.6,25,5,,101.4,24,NE,13,
2018-05-22 16:00,Canada/Central,16,YXE,Saskatoon Diefenbaker Int'l Airport,52.17,-106.7,Partly Cloudy,26.1,27,6,,101.4,24,N,6,
2018-05-22 17:00,Canada/Central,17,YXE,Saskatoon Diefenbaker Int'l Airport,52.17,-106.7,Partly Cloudy,26.3,25,5,,101.4,24,E,12,
2018-05-22 18:00,Canada/Central,18,YXE,Saskatoon Diefenbaker Int'l Airport,52.17,-106.7,Partly Cloudy,26.6,23,4,,101.3,24,E,8,
2018-05-22 19:00,Canada/Central,19,YXE,Saskatoon Diefenbaker Int'l Airport,52.17,-106.7,Partly Cloudy,25,32,8,,101.4,24,ENE,14,
2018-05-22 20:00,Canada/Central,20,YXE,Saskatoon Diefenbaker Int'l Airport,52.17,-106.7,Partly Cloudy,23.4,35,7,24,101.4,24,SSE,13,
2018-05-22 21:00,Canada/Central,21,YXE,Saskatoon Diefenbaker Int'l Airport,52.17,-106.7,Partly Cloudy,20,41,7,,101.4,24,,0,
2018-05-22 22:00,Canada/Central,22,YXE,Saskatoon Diefenbaker Int'l Airport,52.17,-106.7,Mainly Clear,16.5,51,6,,101.5,24,E,14,
2018-05-21 23:00,Canada/Central,23,YQR,Regina Int'l Airport,50.43,-104.67,Cloudy,20,37,5,,100.9,24,WSW,11,
2018-05-22 0:00,Canada/Central,0,YQR,Regina Int'l Airport,50.43,-104.67,Cloudy,18.2,44,6,,100.9,24,WNW,11,
2018-05-22 1:00,Canada/Central,1,YQR,Regina Int'l Airport,50.43,-104.67,Light Rainshower,17.8,46,6,,101,24,NW,16,
2018-05-22 2:00,Canada/Central,2,YQR,Regina Int'l Airport,50.43,-104.67,Cloudy,17.3,49,7,,101,24,WNW,10,
2018-05-22 3:00,Canada/Central,3,YQR,Regina Int'l Airport,50.43,-104.67,Mostly Cloudy,15.3,56,7,,101.1,24,SW,8,
2018-05-22 4:00,Canada/Central,4,YQR,Regina Int'l Airport,50.43,-104.67,Mainly Clear,13.2,57,5,,101.1,24,SW,8,
2018-05-22 5:00,Canada/Central,5,YQR,Regina Int'l Airport,50.43,-104.67,Partly Cloudy,9.8,70,5,,101.1,24,SSW,11,
2018-05-22 6:00,Canada/Central,6,YQR,Regina Int'l Airport,50.43,-104.67,Partly Cloudy,10.1,75,6,,101.2,24,,0,
2018-05-22 7:00,Canada/Central,7,YQR,Regina Int'l Airport,50.43,-104.67,Mainly Sunny,15.1,60,8,,101.2,24,NNW,8,
2018-05-22 8:00,Canada/Central,8,YQR,Regina Int'l Airport,50.43,-104.67,Mainly Sunny,18.6,50,8,,101.2,24,NNW,8,
2018-05-22 9:00,Canada/Central,9,YQR,Regina Int'l Airport,50.43,-104.67,Mainly Sunny,22.1,42,9,23,101.2,24,NNE,5,
2018-05-22 10:00,Canada/Central,10,YQR,Regina Int'l Airport,50.43,-104.67,Mostly Cloudy,23.4,37,8,24,101.2,24,N,8,
2018-05-22 11:00,Canada/Central,11,YQR,Regina Int'l Airport,50.43,-104.67,Mostly Cloudy,24.8,33,7,,101.2,24,ENE,5,
2018-05-22 12:00,Canada/Central,12,YQR,Regina Int'l Airport,50.43,-104.67,Partly Cloudy,26.5,31,8,,101.2,24,N,5,
2018-05-22 13:00,Canada/Central,13,YQR,Regina Int'l Airport,50.43,-104.67,Mostly Cloudy,27.3,26,6,,101.2,24,NW,5,
2018-05-22 14:00,Canada/Central,14,YQR,Regina Int'l Airport,50.43,-104.67,Mostly Cloudy,28.6,23,6,,101.1,24,NW,21,
2018-05-22 15:00,Canada/Central,15,YQR,Regina Int'l Airport,50.43,-104.67,Mostly Cloudy,27.8,24,5,,101.1,24,W,5,
2018-05-22 16:00,Canada/Central,16,YQR,Regina Int'l Airport,50.43,-104.67,Mostly Cloudy,27.6,25,6,,101.1,24,ENE,10,
2018-05-22 17:00,Canada/Central,17,YQR,Regina Int'l Airport,50.43,-104.67,Mostly Cloudy,28.5,23,6,,101.2,24,ESE,20,
2018-05-22 18:00,Canada/Central,18,YQR,Regina Int'l Airport,50.43,-104.67,Mostly Cloudy,21.2,53,11,23,101.4,24,SE,26,
2018-05-22 19:00,Canada/Central,19,YQR,Regina Int'l Airport,50.43,-104.67,Partly Cloudy,20.7,57,12,23,101.4,24,ENE,22,
2018-05-22 20:00,Canada/Central,20,YQR,Regina Int'l Airport,50.43,-104.67,Partly Cloudy,20,54,11,22,101.4,24,SE,18,
2018-05-22 21:00,Canada/Central,21,YQR,Regina Int'l Airport,50.43,-104.67,Partly Cloudy,17.5,65,11,,101.5,24,ESE,11,
2018-05-22 22:00,Canada/Central,22,YQR,Regina Int'l Airport,50.43,-104.67,Mostly Cloudy,16,71,11,,101.5,24,E,5,
2018-05-22 0:00,Canada/Central,0,YWG,Winnipeg Richardson Int'l Airport,49.91,-97.24,Clear,14.8,34,-1,,101.3,24,S,15,
2018-05-22 1:00,Canada/Central,1,YWG,Winnipeg Richardson Int'l Airport,49.91,-97.24,Clear,14.8,35,0,,101.3,24,S,16,
2018-05-22 2:00,Canada/Central,2,YWG,Winnipeg Richardson Int'l Airport,49.91,-97.24,Clear,14.7,49,4,,101.3,24,S,20,
2018-05-22 3:00,Canada/Central,3,YWG,Winnipeg Richardson Int'l Airport,49.91,-97.24,Mainly Clear,14,60,7,,101.3,24,S,17,
2018-05-22 4:00,Canada/Central,4,YWG,Winnipeg Richardson Int'l Airport,49.91,-97.24,Mainly Clear,12.6,69,7,,101.3,24,S,14,
2018-05-22 5:00,Canada/Central,5,YWG,Winnipeg Richardson Int'l Airport,49.91,-97.24,Mainly Clear,12.6,75,8,,101.3,24,S,14,
2018-05-22 6:00,Canada/Central,6,YWG,Winnipeg Richardson Int'l Airport,49.91,-97.24,Partly Cloudy,12,80,9,,101.4,24,S,13,
2018-05-22 7:00,Canada/Central,7,YWG,Winnipeg Richardson Int'l Airport,49.91,-97.24,Mostly Cloudy,13.8,77,10,,101.4,19,S,17,
2018-05-22 8:00,Canada/Central,8,YWG,Winnipeg Richardson Int'l Airport,49.91,-97.24,Mostly Cloudy,15.7,73,11,,101.4,16,S,14,
2018-05-22 9:00,Canada/Central,9,YWG,Winnipeg Richardson Int'l Airport,49.91,-97.24,Mostly Cloudy,18.5,66,12,,101.4,16,S,16,
2018-05-22 10:00,Canada/Central,10,YWG,Winnipeg Richardson Int'l Airport,49.91,-97.24,Partly Cloudy,21.8,58,13,25,101.4,19,S,17,
2018-05-22 11:00,Canada/Central,11,YWG,Winnipeg Richardson Int'l Airport,49.91,-97.24,Mostly Cloudy,24.2,48,13,27,101.4,24,SSW,17,
2018-05-22 12:00,Canada/Central,12,YWG,Winnipeg Richardson Int'l Airport,49.91,-97.24,Mostly Cloudy,25.9,39,11,28,101.4,24,S,27,
2018-05-22 13:00,Canada/Central,13,YWG,Winnipeg Richardson Int'l Airport,49.91,-97.24,Mostly Cloudy,26.6,35,10,28,101.4,24,SSW,15,
2018-05-22 14:00,Canada/Central,14,YWG,Winnipeg Richardson Int'l Airport,49.91,-97.24,Partly Cloudy,27,30,8,,101.4,24,SSW,17,
2018-05-22 15:00,Canada/Central,15,YWG,Winnipeg Richardson Int'l Airport,49.91,-97.24,Partly Cloudy,27.7,28,8,,101.4,24,SSW,12,
2018-05-22 16:00,Canada/Central,16,YWG,Winnipeg Richardson Int'l Airport,49.91,-97.24,Mostly Cloudy,28.5,26,7,,101.3,24,SSE,21,
2018-05-22 17:00,Canada/Central,17,YWG,Winnipeg Richardson Int'l Airport,49.91,-97.24,Mostly Cloudy,28.2,28,8,29,101.3,24,S,9,
2018-05-22 18:00,Canada/Central,18,YWG,Winnipeg Richardson Int'l Airport,49.91,-97.24,Mostly Cloudy,27.9,28,8,,101.3,24,SSE,11,
2018-05-22 19:00,Canada/Central,19,YWG,Winnipeg Richardson Int'l Airport,49.91,-97.24,Mostly Cloudy,27.8,30,9,29,101.3,24,SE,16,
2018-05-22 20:00,Canada/Central,20,YWG,Winnipeg Richardson Int'l Airport,49.91,-97.24,Mostly Cloudy,26.2,37,11,28,101.4,24,SSE,22,
2018-05-22 21:00,Canada/Central,21,YWG,Winnipeg Richardson Int'l Airport,49.91,-97.24,Mostly Cloudy,23,46,11,25,101.4,24,SSE,15,
2018-05-22 22:00,Canada/Central,22,YWG,Winnipeg Richardson Int'l Airport,49.91,-97.24,Partly Cloudy,20.5,55,11,22,101.5,24,SSE,14,
2018-05-22 23:00,Canada/Central,23,YWG,Winnipeg Richardson Int'l Airport,49.91,-97.24,Partly Cloudy,19.4,60,11,,101.5,24,S,14,
2018-05-22 1:00,Canada/Eastern,1,YQT,Thunder Bay Airport,48.37,-89.32,Partly Cloudy,5.1,77,1,,101.6,24,WNW,3,
2018-05-22 2:00,Canada/Eastern,2,YQT,Thunder Bay Airport,48.37,-89.32,Partly Cloudy,4.2,83,2,,101.6,24,WSW,5,
2018-05-22 3:00,Canada/Eastern,3,YQT,Thunder Bay Airport,48.37,-89.32,Partly Cloudy,2.6,87,1,,101.6,24,W,5,
2018-05-22 4:00,Canada/Eastern,4,YQT,Thunder Bay Airport,48.37,-89.32,Mainly Clear,2,92,1,,101.6,24,WNW,5,
2018-05-22 5:00,Canada/Eastern,5,YQT,Thunder Bay Airport,48.37,-89.32,Partly Cloudy,1.3,91,0,,101.6,24,WNW,7,
2018-05-22 6:00,Canada/Eastern,6,YQT,Thunder Bay Airport,48.37,-89.32,Mainly Clear,0.9,93,0,,101.6,32,WNW,9,
2018-05-22 7:00,Canada/Eastern,7,YQT,Thunder Bay Airport,48.37,-89.32,Mainly Sunny,2.5,91,1,,101.6,32,W,9,
2018-05-22 8:00,Canada/Eastern,8,YQT,Thunder Bay Airport,48.37,-89.32,Mainly Sunny,7.7,73,3,,101.6,32,WSW,10,
2018-05-22 9:00,Canada/Eastern,9,YQT,Thunder Bay Airport,48.37,-89.32,Mainly Sunny,13.9,54,5,,101.6,32,WSW,10,
2018-05-22 10:00,Canada/Eastern,10,YQT,Thunder Bay Airport,48.37,-89.32,Partly Cloudy,18.8,43,6,,101.6,32,WSW,13,
2018-05-22 11:00,Canada/Eastern,11,YQT,Thunder Bay Airport,48.37,-89.32,Partly Cloudy,21.9,32,5,,101.5,32,W,13,
2018-05-22 12:00,Canada/Eastern,12,YQT,Thunder Bay Airport,48.37,-89.32,Partly Cloudy,24.5,25,3,,101.5,32,SSW,4,
2018-05-22 13:00,Canada/Eastern,13,YQT,Thunder Bay Airport,48.37,-89.32,Partly Cloudy,26.1,18,0,,101.5,32,NNW,5,
2018-05-22 14:00,Canada/Eastern,14,YQT,Thunder Bay Airport,48.37,-89.32,Partly Cloudy,26.8,18,1,,101.5,32,N,10,
2018-05-22 15:00,Canada/Eastern,15,YQT,Thunder Bay Airport,48.37,-89.32,Mostly Cloudy,28.2,17,1,,101.4,32,SW,22,
2018-05-22 16:00,Canada/Eastern,16,YQT,Thunder Bay Airport,48.37,-89.32,Mostly Cloudy,27.8,21,4,,101.4,32,S,24,
2018-05-22 17:00,Canada/Eastern,17,YQT,Thunder Bay Airport,48.37,-89.32,Partly Cloudy,27.3,20,3,,101.4,32,S,28,
2018-05-22 18:00,Canada/Eastern,18,YQT,Thunder Bay Airport,48.37,-89.32,Mostly Cloudy,26.5,19,1,,101.4,32,SSW,27,
2018-05-22 19:00,Canada/Eastern,19,YQT,Thunder Bay Airport,48.37,-89.32,Partly Cloudy,26.4,19,1,,101.4,32,SSW,23,
2018-05-22 20:00,Canada/Eastern,20,YQT,Thunder Bay Airport,48.37,-89.32,Mostly Cloudy,25.7,21,2,,101.4,32,SSW,19,
2018-05-22 21:00,Canada/Eastern,21,YQT,Thunder Bay Airport,48.37,-89.32,Mostly Cloudy,22.8,25,2,,101.4,32,SSW,13,
2018-05-22 22:00,Canada/Eastern,22,YQT,Thunder Bay Airport,48.37,-89.32,Partly Cloudy,18.3,34,2,,101.5,24,E,8,
2018-05-22 23:00,Canada/Eastern,23,YQT,Thunder Bay Airport,48.37,-89.32,Partly Cloudy,15,51,5,,101.6,24,N,2,
2018-05-23 0:00,Canada/Eastern,0,YQT,Thunder Bay Airport,48.37,-89.32,Mainly Clear,11.1,66,5,,101.6,24,ENE,5,
2018-05-22 1:00,Canada/Eastern,1,YYZ,Toronto Pearson Int'l Airport,43.68,-79.63,Cloudy,14.1,45,2,,101.9,24,SSE,8,
2018-05-22 2:00,Canada/Eastern,2,YYZ,Toronto Pearson Int'l Airport,43.68,-79.63,Light Rain,13.8,49,3,,101.9,24,SSW,7,
2018-05-22 3:00,Canada/Eastern,3,YYZ,Toronto Pearson Int'l Airport,43.68,-79.63,Light Rain,13.7,56,5,,101.8,24,SSE,4,
2018-05-22 4:00,Canada/Eastern,4,YYZ,Toronto Pearson Int'l Airport,43.68,-79.63,Light Rain,12.9,65,7,,101.7,10,S,6,
2018-05-22 5:00,Canada/Eastern,5,YYZ,Toronto Pearson Int'l Airport,43.68,-79.63,Light Rain,11.5,78,8,,101.7,10,SSE,4,
2018-05-22 6:00,Canada/Eastern,6,YYZ,Toronto Pearson Int'l Airport,43.68,-79.63,Light Rain,11.5,87,10,,101.6,10,NNE,8,
2018-05-22 7:00,Canada/Eastern,7,YYZ,Toronto Pearson Int'l Airport,43.68,-79.63,Light Rain,11.8,91,10,,101.6,6,NE,10,
2018-05-22 8:00,Canada/Eastern,8,YYZ,Toronto Pearson Int'l Airport,43.68,-79.63,Light Rain,11.4,92,10,,101.6,3,ENE,13,
2018-05-22 9:00,Canada/Eastern,9,YYZ,Toronto Pearson Int'l Airport,43.68,-79.63,Light Drizzle,12.3,94,11,,101.6,10,NE,8,
2018-05-22 10:00,Canada/Eastern,10,YYZ,Toronto Pearson Int'l Airport,43.68,-79.63,Light Drizzle,12.9,94,12,,101.5,4,E,11,
2018-05-22 11:00,Canada/Eastern,11,YYZ,Toronto Pearson Int'l Airport,43.68,-79.63,Light Drizzle,13.2,94,12,,101.5,3,ESE,5,
2018-05-22 12:00,Canada/Eastern,12,YYZ,Toronto Pearson Int'l Airport,43.68,-79.63,Mist,13.8,94,13,,101.5,5,N,2,
2018-05-22 13:00,Canada/Eastern,13,YYZ,Toronto Pearson Int'l Airport,43.68,-79.63,Mist,13.7,94,13,,101.5,5,S,6,
2018-05-22 14:00,Canada/Eastern,14,YYZ,Toronto Pearson Int'l Airport,43.68,-79.63,Mist,14.6,93,14,,101.4,5,N,3,
2018-05-22 15:00,Canada/Eastern,15,YYZ,Toronto Pearson Int'l Airport,43.68,-79.63,Mist,15.7,90,14,,101.4,6,SE,10,
2018-05-22 16:00,Canada/Eastern,16,YYZ,Toronto Pearson Int'l Airport,43.68,-79.63,Mist,16.5,86,14,,101.3,10,SSE,3,
2018-05-22 17:00,Canada/Eastern,17,YYZ,Toronto Pearson Int'l Airport,43.68,-79.63,Mist,17.4,83,15,,101.3,5,,0,
2018-05-22 18:00,Canada/Eastern,18,YYZ,Toronto Pearson Int'l Airport,43.68,-79.63,Mist,16.6,84,14,,101.3,10,NE,9,
2018-05-22 19:00,Canada/Eastern,19,YYZ,Toronto Pearson Int'l Airport,43.68,-79.63,Mist,16.2,89,14,,101.3,24,NE,4,
2018-05-22 20:00,Canada/Eastern,20,YYZ,Toronto Pearson Int'l Airport,43.68,-79.63,Mist,14.7,88,13,,101.3,10,SSE,6,
2018-05-22 21:00,Canada/Eastern,21,YYZ,Toronto Pearson Int'l Airport,43.68,-79.63,Light Drizzle,14.5,87,12,,101.4,10,SSE,3,
2018-05-22 22:00,Canada/Eastern,22,YYZ,Toronto Pearson Int'l Airport,43.68,-79.63,Light Drizzle,14.9,89,13,,101.4,10,SW,3,
2018-05-22 23:00,Canada/Eastern,23,YYZ,Toronto Pearson Int'l Airport,43.68,-79.63,Mostly Cloudy,15.3,90,14,,101.5,24,N,14,
2018-05-23 0:00,Canada/Eastern,0,YYZ,Toronto Pearson Int'l Airport,43.68,-79.63,Mostly Cloudy,15.1,89,13,,101.5,24,NNW,17,
2018-05-22 1:00,Canada/Eastern,1,YOW,Ottawa Macdonald-Cartier Int'l Airport,45.32,-75.67,Partly Cloudy,14.7,65,8,,102,24,S,13,
2018-05-22 2:00,Canada/Eastern,2,YOW,Ottawa Macdonald-Cartier Int'l Airport,45.32,-75.67,Mainly Clear,13.3,70,8,,102,24,SSW,10,
2018-05-22 3:00,Canada/Eastern,3,YOW,Ottawa Macdonald-Cartier Int'l Airport,45.32,-75.67,Partly Cloudy,13.2,68,8,,102,24,S,11,
2018-05-22 4:00,Canada/Eastern,4,YOW,Ottawa Macdonald-Cartier Int'l Airport,45.32,-75.67,Mostly Cloudy,12.3,73,8,,101.9,24,S,10,
2018-05-22 5:00,Canada/Eastern,5,YOW,Ottawa Macdonald-Cartier Int'l Airport,45.32,-75.67,Mostly Cloudy,12.3,72,7,,101.9,24,S,6,
2018-05-22 6:00,Canada/Eastern,6,YOW,Ottawa Macdonald-Cartier Int'l Airport,45.32,-75.67,Mostly Cloudy,12.3,75,8,,101.8,24,ENE,7,
2018-05-22 7:00,Canada/Eastern,7,YOW,Ottawa Macdonald-Cartier Int'l Airport,45.32,-75.67,Mostly Cloudy,12.7,74,8,,101.8,24,ESE,5,
2018-05-22 8:00,Canada/Eastern,8,YOW,Ottawa Macdonald-Cartier Int'l Airport,45.32,-75.67,Mostly Cloudy,14.9,62,8,,101.8,24,SSW,11,
2018-05-22 9:00,Canada/Eastern,9,YOW,Ottawa Macdonald-Cartier Int'l Airport,45.32,-75.67,Mostly Cloudy,17.1,51,7,,101.8,24,N,2,
2018-05-22 10:00,Canada/Eastern,10,YOW,Ottawa Macdonald-Cartier Int'l Airport,45.32,-75.67,Mostly Cloudy,18,52,8,,101.7,24,SE,7,
2018-05-22 11:00,Canada/Eastern,11,YOW,Ottawa Macdonald-Cartier Int'l Airport,45.32,-75.67,Mostly Cloudy,16.9,62,10,,101.7,24,S,8,
2018-05-22 12:00,Canada/Eastern,12,YOW,Ottawa Macdonald-Cartier Int'l Airport,45.32,-75.67,Light Rain,14.8,84,12,,101.8,16,SSW,8,
2018-05-22 13:00,Canada/Eastern,13,YOW,Ottawa Macdonald-Cartier Int'l Airport,45.32,-75.67,Light Rain,15.7,87,14,,101.8,24,WSW,6,
2018-05-22 14:00,Canada/Eastern,14,YOW,Ottawa Macdonald-Cartier Int'l Airport,45.32,-75.67,Cloudy,17.2,74,13,,101.7,24,N,2,
2018-05-22 15:00,Canada/Eastern,15,YOW,Ottawa Macdonald-Cartier Int'l Airport,45.32,-75.67,Cloudy,16.9,69,11,,101.5,24,N,2,
2018-05-22 16:00,Canada/Eastern,16,YOW,Ottawa Macdonald-Cartier Int'l Airport,45.32,-75.67,Cloudy,16.7,74,12,,101.4,24,E,9,
2018-05-22 17:00,Canada/Eastern,17,YOW,Ottawa Macdonald-Cartier Int'l Airport,45.32,-75.67,Mostly Cloudy,16.2,76,12,,101.3,24,E,8,
2018-05-22 18:00,Canada/Eastern,18,YOW,Ottawa Macdonald-Cartier Int'l Airport,45.32,-75.67,Light Rain,14.8,91,13,,101.3,24,SE,12,
2018-05-22 19:00,Canada/Eastern,19,YOW,Ottawa Macdonald-Cartier Int'l Airport,45.32,-75.67,Light Rain,14.4,94,13,,101.3,24,ESE,11,
2018-05-22 20:00,Canada/Eastern,20,YOW,Ottawa Macdonald-Cartier Int'l Airport,45.32,-75.67,Mostly Cloudy,14.3,94,13,,101.2,24,ESE,6,
2018-05-22 21:00,Canada/Eastern,21,YOW,Ottawa Macdonald-Cartier Int'l Airport,45.32,-75.67,Fog,13.9,93,13,,101.2,24,N,2,
2018-05-22 22:00,Canada/Eastern,22,YOW,Ottawa Macdonald-Cartier Int'l Airport,45.32,-75.67,Fog,11.9,97,11,,101.3,24,WNW,8,
2018-05-22 23:00,Canada/Eastern,23,YOW,Ottawa Macdonald-Cartier Int'l Airport,45.32,-75.67,Fog,11.5,98,11,,101.3,24,WSW,7,
2018-05-23 0:00,Canada/Eastern,0,YOW,Ottawa Macdonald-Cartier Int'l Airport,45.32,-75.67,Mist,10.6,98,10,,101.3,1.2,WSW,8,
2018-05-22 1:00,Canada/Eastern,1,YUL,Montreal-Trudeau Int'l Airport,45.47,-73.74,Mostly Cloudy,16.3,46,5,,102,24,SW,10,
2018-05-22 2:00,Canada/Eastern,2,YUL,Montreal-Trudeau Int'l Airport,45.47,-73.74,Mostly Cloudy,14.8,57,6,,102,24,SW,12,
2018-05-22 3:00,Canada/Eastern,3,YUL,Montreal-Trudeau Int'l Airport,45.47,-73.74,Cloudy,14.6,52,5,,102,24,WSW,7,
2018-05-22 4:00,Canada/Eastern,4,YUL,Montreal-Trudeau Int'l Airport,45.47,-73.74,Cloudy,14.8,53,5,,101.9,24,SW,8,
2018-05-22 5:00,Canada/Eastern,5,YUL,Montreal-Trudeau Int'l Airport,45.47,-73.74,Mostly Cloudy,12.9,61,6,,101.9,24,SW,4,
2018-05-22 6:00,Canada/Eastern,6,YUL,Montreal-Trudeau Int'l Airport,45.47,-73.74,Mostly Cloudy,13.5,64,7,,101.9,24,SE,9,
2018-05-22 7:00,Canada/Eastern,7,YUL,Montreal-Trudeau Int'l Airport,45.47,-73.74,Mostly Cloudy,14.7,63,8,,101.9,24,E,5,
2018-05-22 8:00,Canada/Eastern,8,YUL,Montreal-Trudeau Int'l Airport,45.47,-73.74,Mostly Cloudy,16.8,55,8,,101.8,24,SE,5,
2018-05-22 9:00,Canada/Eastern,9,YUL,Montreal-Trudeau Int'l Airport,45.47,-73.74,Mostly Cloudy,19.7,46,8,,101.8,48,SE,14,
2018-05-22 10:00,Canada/Eastern,10,YUL,Montreal-Trudeau Int'l Airport,45.47,-73.74,Mostly Cloudy,20.8,47,9,22,101.7,48,SSE,16,
2018-05-22 11:00,Canada/Eastern,11,YUL,Montreal-Trudeau Int'l Airport,45.47,-73.74,Mostly Cloudy,21.4,48,10,23,101.7,24,SSE,9,
2018-05-22 12:00,Canada/Eastern,12,YUL,Montreal-Trudeau Int'l Airport,45.47,-73.74,Mostly Cloudy,22.2,52,12,24,101.6,48,S,8,
2018-05-22 13:00,Canada/Eastern,13,YUL,Montreal-Trudeau Int'l Airport,45.47,-73.74,Mostly Cloudy,22.4,43,9,23,101.6,48,SW,13,
2018-05-22 14:00,Canada/Eastern,14,YUL,Montreal-Trudeau Int'l Airport,45.47,-73.74,Light Rain,18.8,62,11,,101.6,24,WSW,22,
2018-05-22 15:00,Canada/Eastern,15,YUL,Montreal-Trudeau Int'l Airport,45.47,-73.74,Light Rain,16.9,77,13,,101.6,24,WNW,9,
2018-05-22 16:00,Canada/Eastern,16,YUL,Montreal-Trudeau Int'l Airport,45.47,-73.74,Light Rain,17,80,13,,101.5,24,NE,7,
2018-05-22 17:00,Canada/Eastern,17,YUL,Montreal-Trudeau Int'l Airport,45.47,-73.74,Light Rain,16.9,77,13,,101.4,24,SSE,24,
2018-05-22 18:00,Canada/Eastern,18,YUL,Montreal-Trudeau Int'l Airport,45.47,-73.74,Mostly Cloudy,16.1,78,12,,101.3,24,SSE,25,
2018-05-22 19:00,Canada/Eastern,19,YUL,Montreal-Trudeau Int'l Airport,45.47,-73.74,Mostly Cloudy,15.6,82,13,,101.3,24,SE,18,
2018-05-22 20:00,Canada/Eastern,20,YUL,Montreal-Trudeau Int'l Airport,45.47,-73.74,Light Rain,14.5,93,13,,101.2,24,SE,17,
2018-05-22 21:00,Canada/Eastern,21,YUL,Montreal-Trudeau Int'l Airport,45.47,-73.74,Mostly Cloudy,14.5,93,13,,101.2,24,ESE,8,
2018-05-22 22:00,Canada/Eastern,22,YUL,Montreal-Trudeau Int'l Airport,45.47,-73.74,Mostly Cloudy,14.4,93,13,,101.2,24,ENE,3,
2018-05-22 23:00,Canada/Eastern,23,YUL,Montreal-Trudeau Int'l Airport,45.47,-73.74,Partly Cloudy,13.7,96,13,,101.1,16,WNW,4,
2018-05-23 0:00,Canada/Eastern,0,YUL,Montreal-Trudeau Int'l Airport,45.47,-73.74,Mist,12.9,98,13,,101.1,5,NW,8,
2018-05-22 1:00,Canada/Eastern,1,YQB,Quebec Lesage Int'l Airport,46.79,-71.39,Clear,9.6,51,0,,102,24,NE,9,
2018-05-22 2:00,Canada/Eastern,2,YQB,Quebec Lesage Int'l Airport,46.79,-71.39,Clear,6.5,70,1,,102,24,,0,
2018-05-22 3:00,Canada/Eastern,3,YQB,Quebec Lesage Int'l Airport,46.79,-71.39,Clear,8.4,54,-1,,102,24,N,9,
2018-05-22 4:00,Canada/Eastern,4,YQB,Quebec Lesage Int'l Airport,46.79,-71.39,Mainly Clear,7.6,56,-1,,102,24,N,9,
2018-05-22 5:00,Canada/Eastern,5,YQB,Quebec Lesage Int'l Airport,46.79,-71.39,Mostly Cloudy,7.1,60,0,,102,48,N,7,
2018-05-22 6:00,Canada/Eastern,6,YQB,Quebec Lesage Int'l Airport,46.79,-71.39,Mostly Cloudy,7.7,56,0,,102,48,NNE,7,
2018-05-22 7:00,Canada/Eastern,7,YQB,Quebec Lesage Int'l Airport,46.79,-71.39,Mostly Cloudy,8.7,55,0,,102,48,ENE,6,
2018-05-22 8:00,Canada/Eastern,8,YQB,Quebec Lesage Int'l Airport,46.79,-71.39,Mostly Cloudy,11.1,54,2,,102,48,N,2,
2018-05-22 9:00,Canada/Eastern,9,YQB,Quebec Lesage Int'l Airport,46.79,-71.39,Mostly Cloudy,14.7,45,3,,101.9,48,SSW,8,
2018-05-22 10:00,Canada/Eastern,10,YQB,Quebec Lesage Int'l Airport,46.79,-71.39,Mostly Cloudy,17,50,7,,101.8,48,SSW,13,
2018-05-22 11:00,Canada/Eastern,11,YQB,Quebec Lesage Int'l Airport,46.79,-71.39,Mostly Cloudy,19.7,48,9,,101.7,48,WSW,14,
2018-05-22 12:00,Canada/Eastern,12,YQB,Quebec Lesage Int'l Airport,46.79,-71.39,Mostly Cloudy,22.3,40,8,23,101.6,48,WSW,18,
2018-05-22 13:00,Canada/Eastern,13,YQB,Quebec Lesage Int'l Airport,46.79,-71.39,Mostly Cloudy,24.7,38,10,26,101.5,48,WSW,22,
2018-05-22 14:00,Canada/Eastern,14,YQB,Quebec Lesage Int'l Airport,46.79,-71.39,Mostly Cloudy,25.4,34,9,26,101.4,48,WSW,25,
2018-05-22 15:00,Canada/Eastern,15,YQB,Quebec Lesage Int'l Airport,46.79,-71.39,Mostly Cloudy,25.6,30,7,,101.2,48,SW,31,
2018-05-22 16:00,Canada/Eastern,16,YQB,Quebec Lesage Int'l Airport,46.79,-71.39,Mostly Cloudy,24.9,31,7,,101.2,40,SW,28,
2018-05-22 17:00,Canada/Eastern,17,YQB,Quebec Lesage Int'l Airport,46.79,-71.39,Mostly Cloudy,23.5,38,9,,101.2,32,WSW,39,
2018-05-22 18:00,Canada/Eastern,18,YQB,Quebec Lesage Int'l Airport,46.79,-71.39,Mostly Cloudy,21.3,45,9,22,101.2,24,SW,27,
2018-05-22 19:00,Canada/Eastern,19,YQB,Quebec Lesage Int'l Airport,46.79,-71.39,Mostly Cloudy,19.3,52,9,,101.2,40,WSW,23,
2018-05-22 20:00,Canada/Eastern,20,YQB,Quebec Lesage Int'l Airport,46.79,-71.39,Mostly Cloudy,17.9,55,9,,101.2,40,WSW,25,
2018-05-22 21:00,Canada/Eastern,21,YQB,Quebec Lesage Int'l Airport,46.79,-71.39,Partly Cloudy,16.5,63,10,,101.2,24,WSW,16,
2018-05-22 22:00,Canada/Eastern,22,YQB,Quebec Lesage Int'l Airport,46.79,-71.39,Partly Cloudy,15.4,70,10,,101.2,24,WSW,17,
2018-05-22 23:00,Canada/Eastern,23,YQB,Quebec Lesage Int'l Airport,46.79,-71.39,Mostly Cloudy,13.8,81,11,,101.2,24,WSW,11,
2018-05-23 0:00,Canada/Eastern,0,YQB,Quebec Lesage Int'l Airport,46.79,-71.39,Mostly Cloudy,13.9,82,11,,101.2,24,SW,9,
2018-05-22 2:00,Canada/Atlantic,2,YFC,Fredericton Int'l Airport,45.87,-66.54,Clear,4.8,68,-1,,102,16,,0,
2018-05-22 3:00,Canada/Atlantic,3,YFC,Fredericton Int'l Airport,45.87,-66.54,Clear,3.1,81,0,,102,16,NW,5,
2018-05-22 4:00,Canada/Atlantic,4,YFC,Fredericton Int'l Airport,45.87,-66.54,Clear,2.6,83,0,,102.1,16,NNW,5,
2018-05-22 5:00,Canada/Atlantic,5,YFC,Fredericton Int'l Airport,45.87,-66.54,Clear,1.8,87,0,,102.2,16,SW,4,
2018-05-22 6:00,Canada/Atlantic,6,YFC,Fredericton Int'l Airport,45.87,-66.54,Sunny,0.7,96,0,,102.2,16,WSW,5,
2018-05-22 7:00,Canada/Atlantic,7,YFC,Fredericton Int'l Airport,45.87,-66.54,Sunny,3.7,89,2,,102.2,16,WNW,4,
2018-05-22 8:00,Canada/Atlantic,8,YFC,Fredericton Int'l Airport,45.87,-66.54,Sunny,7.2,69,2,,102.3,16,,0,
2018-05-22 9:00,Canada/Atlantic,9,YFC,Fredericton Int'l Airport,45.87,-66.54,Sunny,10,57,2,,102.2,16,SSW,4,
2018-05-22 10:00,Canada/Atlantic,10,YFC,Fredericton Int'l Airport,45.87,-66.54,Sunny,13.5,41,1,,102.2,16,S,9,
2018-05-22 11:00,Canada/Atlantic,11,YFC,Fredericton Int'l Airport,45.87,-66.54,Sunny,16.9,28,-1,,102.1,16,SSW,18,
2018-05-22 12:00,Canada/Atlantic,12,YFC,Fredericton Int'l Airport,45.87,-66.54,Sunny,19,28,0,,102.1,16,SSW,21,
2018-05-22 13:00,Canada/Atlantic,13,YFC,Fredericton Int'l Airport,45.87,-66.54,Sunny,20.3,28,1,,102,16,SSW,22,
2018-05-22 14:00,Canada/Atlantic,14,YFC,Fredericton Int'l Airport,45.87,-66.54,Sunny,21.4,24,0,,101.9,16,SW,35,
2018-05-22 15:00,Canada/Atlantic,15,YFC,Fredericton Int'l Airport,45.87,-66.54,Sunny,21.6,28,2,,101.8,16,SSW,26,
2018-05-22 16:00,Canada/Atlantic,16,YFC,Fredericton Int'l Airport,45.87,-66.54,n/a,,n/a,n/a,,n/a,n/a,,,
2018-05-22 17:00,Canada/Atlantic,17,YFC,Fredericton Int'l Airport,45.87,-66.54,Mainly Sunny,21.8,28,3,,101.6,16,SSW,32,
2018-05-22 18:00,Canada/Atlantic,18,YFC,Fredericton Int'l Airport,45.87,-66.54,Sunny,21.4,28,2,,101.5,16,S,35,
2018-05-22 19:00,Canada/Atlantic,19,YFC,Fredericton Int'l Airport,45.87,-66.54,Sunny,18.9,31,1,,101.5,16,S,26,
2018-05-22 20:00,Canada/Atlantic,20,YFC,Fredericton Int'l Airport,45.87,-66.54,Mostly Cloudy,17.6,37,3,,101.5,16,S,22,
2018-05-22 21:00,Canada/Atlantic,21,YFC,Fredericton Int'l Airport,45.87,-66.54,Partly Cloudy,16,48,5,,101.4,16,S,21,
2018-05-22 22:00,Canada/Atlantic,22,YFC,Fredericton Int'l Airport,45.87,-66.54,Mainly Clear,14.3,59,7,,101.4,16,SSW,21,
2018-05-22 23:00,Canada/Atlantic,23,YFC,Fredericton Int'l Airport,45.87,-66.54,Mostly Cloudy,14,63,7,,101.3,16,SSW,24,
2018-05-23 0:00,Canada/Atlantic,0,YFC,Fredericton Int'l Airport,45.87,-66.54,Cloudy,13.9,66,8,,101.2,16,SSW,18,
2018-05-23 1:00,Canada/Atlantic,1,YFC,Fredericton Int'l Airport,45.87,-66.54,Cloudy,13.9,68,8,,101.2,16,SSW,17,
2018-05-22 2:00,Canada/Atlantic,2,YHZ,Halifax Stanfield Int'l Airport,44.88,-63.51,Mainly Clear,7.9,46,-3,,101.9,24,NE,16,
2018-05-22 3:00,Canada/Atlantic,3,YHZ,Halifax Stanfield Int'l Airport,44.88,-63.51,Clear,8.5,42,-4,,102,24,ENE,4,
2018-05-22 4:00,Canada/Atlantic,4,YHZ,Halifax Stanfield Int'l Airport,44.88,-63.51,Clear,7.3,45,-4,,102,24,N,8,
2018-05-22 5:00,Canada/Atlantic,5,YHZ,Halifax Stanfield Int'l Airport,44.88,-63.51,Mainly Clear,7.7,43,-4,,102.1,24,NNE,7,
2018-05-22 6:00,Canada/Atlantic,6,YHZ,Halifax Stanfield Int'l Airport,44.88,-63.51,Mainly Sunny,6.9,53,-2,,102.2,24,W,3,
2018-05-22 7:00,Canada/Atlantic,7,YHZ,Halifax Stanfield Int'l Airport,44.88,-63.51,Mostly Cloudy,7.9,53,-1,,102.3,24,SW,5,
2018-05-22 8:00,Canada/Atlantic,8,YHZ,Halifax Stanfield Int'l Airport,44.88,-63.51,Mostly Cloudy,10.6,36,-4,,102.4,24,SW,3,
2018-05-22 9:00,Canada/Atlantic,9,YHZ,Halifax Stanfield Int'l Airport,44.88,-63.51,Mostly Cloudy,12.2,31,-5,,102.3,24,SW,4,
2018-05-22 10:00,Canada/Atlantic,10,YHZ,Halifax Stanfield Int'l Airport,44.88,-63.51,Mostly Cloudy,13.2,32,-3,,102.4,24,SSW,12,
2018-05-22 11:00,Canada/Atlantic,11,YHZ,Halifax Stanfield Int'l Airport,44.88,-63.51,Mostly Cloudy,13.8,35,-1,,102.4,24,SSW,7,
2018-05-22 12:00,Canada/Atlantic,12,YHZ,Halifax Stanfield Int'l Airport,44.88,-63.51,Mostly Cloudy,15.1,32,-1,,102.4,24,SSW,16,
2018-05-22 13:00,Canada/Atlantic,13,YHZ,Halifax Stanfield Int'l Airport,44.88,-63.51,Mostly Cloudy,15.5,34,0,,102.3,24,SSW,21,
2018-05-22 14:00,Canada/Atlantic,14,YHZ,Halifax Stanfield Int'l Airport,44.88,-63.51,Cloudy,15.7,28,-3,,102.3,24,SSW,23,
2018-05-22 15:00,Canada/Atlantic,15,YHZ,Halifax Stanfield Int'l Airport,44.88,-63.51,Cloudy,15.8,27,-3,,102.2,24,SW,26,
2018-05-22 16:00,Canada/Atlantic,16,YHZ,Halifax Stanfield Int'l Airport,44.88,-63.51,Cloudy,15.3,27,-4,,102.2,24,SSW,31,
2018-05-22 17:00,Canada/Atlantic,17,YHZ,Halifax Stanfield Int'l Airport,44.88,-63.51,Cloudy,15.9,25,-4,,102.1,24,SSW,28,
2018-05-22 18:00,Canada/Atlantic,18,YHZ,Halifax Stanfield Int'l Airport,44.88,-63.51,Cloudy,15.1,25,-5,,102.1,24,SSW,26,
2018-05-22 19:00,Canada/Atlantic,19,YHZ,Halifax Stanfield Int'l Airport,44.88,-63.51,Mostly Cloudy,14,51,n/a,,102,24,SSW,26,
2018-05-22 20:00,Canada/Atlantic,20,YHZ,Halifax Stanfield Int'l Airport,44.88,-63.51,Mostly Cloudy,12.8,64,6,,101.9,24,S,22,
2018-05-22 21:00,Canada/Atlantic,21,YHZ,Halifax Stanfield Int'l Airport,44.88,-63.51,Mostly Cloudy,11.4,74,7,,101.9,24,S,19,
2018-05-22 22:00,Canada/Atlantic,22,YHZ,Halifax Stanfield Int'l Airport,44.88,-63.51,Cloudy,10.8,77,7,,101.8,24,S,19,
2018-05-22 23:00,Canada/Atlantic,23,YHZ,Halifax Stanfield Int'l Airport,44.88,-63.51,Cloudy,9.8,89,8,,101.8,24,S,18,
2018-05-23 0:00,Canada/Atlantic,0,YHZ,Halifax Stanfield Int'l Airport,44.88,-63.51,Cloudy,9.8,94,9,,101.6,24,S,19,
2018-05-23 1:00,Canada/Atlantic,1,YHZ,Halifax Stanfield Int'l Airport,44.88,-63.51,Cloudy,9.9,93,9,,101.6,24,S,21,
2018-05-22 2:00,Canada/Atlantic,2,YYG,Charlottetown Airport,46.29,-63.12,Clear,1.6,87,0,,101.9,24,N,3,*
2018-05-22 3:00,Canada/Atlantic,3,YYG,Charlottetown Airport,46.29,-63.12,Clear,4.3,77,1,,102,24,SW,9,*
2018-05-22 4:00,Canada/Atlantic,4,YYG,Charlottetown Airport,46.29,-63.12,Clear,1.5,94,1,,102,24,WSW,3,*
2018-05-22 5:00,Canada/Atlantic,5,YYG,Charlottetown Airport,46.29,-63.12,Clear,-1.4,95,-2,,102.1,24,NNW,5,-3
2018-05-22 6:00,Canada/Atlantic,6,YYG,Charlottetown Airport,46.29,-63.12,Mainly Sunny,0.2,96,-1,,102.2,24,N,2,*
2018-05-22 7:00,Canada/Atlantic,7,YYG,Charlottetown Airport,46.29,-63.12,Mainly Sunny,3.1,89,2,,102.2,24,,0,*
2018-05-22 8:00,Canada/Atlantic,8,YYG,Charlottetown Airport,46.29,-63.12,Partly Cloudy,7.1,54,-2,,102.3,24,ESE,7,*
2018-05-22 9:00,Canada/Atlantic,9,YYG,Charlottetown Airport,46.29,-63.12,Partly Cloudy,8.3,45,-3,,102.3,24,SE,3,*
2018-05-22 10:00,Canada/Atlantic,10,YYG,Charlottetown Airport,46.29,-63.12,Mostly Cloudy,10,51,0,,102.3,24,SE,12,*
2018-05-22 11:00,Canada/Atlantic,11,YYG,Charlottetown Airport,46.29,-63.12,Mostly Cloudy,11,51,1,,102.3,24,S,8,*
2018-05-22 12:00,Canada/Atlantic,12,YYG,Charlottetown Airport,46.29,-63.12,Mostly Cloudy,11.5,47,1,,102.2,24,SSW,18,*
2018-05-22 13:00,Canada/Atlantic,13,YYG,Charlottetown Airport,46.29,-63.12,Mostly Cloudy,13.3,44,1,,102.2,24,SSW,19,*
2018-05-22 14:00,Canada/Atlantic,14,YYG,Charlottetown Airport,46.29,-63.12,Mostly Cloudy,14.8,28,-4,,102,24,S,20,*
2018-05-22 15:00,Canada/Atlantic,15,YYG,Charlottetown Airport,46.29,-63.12,Mostly Cloudy,15.8,29,-2,,101.9,24,S,22,*
2018-05-22 16:00,Canada/Atlantic,16,YYG,Charlottetown Airport,46.29,-63.12,Mostly Cloudy,15.9,30,-2,,101.8,24,S,21,*
2018-05-22 17:00,Canada/Atlantic,17,YYG,Charlottetown Airport,46.29,-63.12,Mostly Cloudy,16,33,0,,101.7,24,S,26,*
2018-05-22 18:00,Canada/Atlantic,18,YYG,Charlottetown Airport,46.29,-63.12,Mostly Cloudy,17.7,39,4,,101.6,24,SSW,26,*
2018-05-22 19:00,Canada/Atlantic,19,YYG,Charlottetown Airport,46.29,-63.12,Mostly Cloudy,16.7,39,3,,101.6,24,SSW,32,*
2018-05-22 20:00,Canada/Atlantic,20,YYG,Charlottetown Airport,46.29,-63.12,Mostly Cloudy,15.2,39,1,,101.6,24,SSW,27,*
2018-05-22 21:00,Canada/Atlantic,21,YYG,Charlottetown Airport,46.29,-63.12,Cloudy,13.9,39,0,,101.5,24,SSW,29,*
2018-05-22 22:00,Canada/Atlantic,22,YYG,Charlottetown Airport,46.29,-63.12,Cloudy,12.9,47,2,,101.5,24,SSW,23,*
2018-05-22 23:00,Canada/Atlantic,23,YYG,Charlottetown Airport,46.29,-63.12,Cloudy,12.9,48,2,,101.4,24,SSW,22,*
2018-05-23 0:00,Canada/Atlantic,0,YYG,Charlottetown Airport,46.29,-63.12,Cloudy,12.2,55,4,,101.4,24,SSW,19,*
2018-05-23 1:00,Canada/Atlantic,1,YYG,Charlottetown Airport,46.29,-63.12,Mostly Cloudy,12.5,59,5,,101.3,24,SSW,22,*
2018-05-22 2:30,Canada/Newfoundland,2,YYT,St. John's Int'l Airport,47.62,-52.75,Partly Cloudy,5.5,80,2,,100.7,24,W,23,
2018-05-22 3:30,Canada/Newfoundland,3,YYT,St. John's Int'l Airport,47.62,-52.75,Mainly Clear,4.6,86,3,,100.7,24,WSW,30,
2018-05-22 4:30,Canada/Newfoundland,4,YYT,St. John's Int'l Airport,47.62,-52.75,Mainly Clear,3.6,92,3,,100.7,24,W,26,
2018-05-22 5:30,Canada/Newfoundland,5,YYT,St. John's Int'l Airport,47.62,-52.75,Mostly Cloudy,3.7,92,3,,100.7,24,W,31,
2018-05-22 6:30,Canada/Newfoundland,6,YYT,St. John's Int'l Airport,47.62,-52.75,Cloudy,4,90,2,,100.7,24,WNW,33,
2018-05-22 7:30,Canada/Newfoundland,7,YYT,St. John's Int'l Airport,47.62,-52.75,Mostly Cloudy,5.1,81,2,,100.9,24,WNW,31,
2018-05-22 8:30,Canada/Newfoundland,8,YYT,St. John's Int'l Airport,47.62,-52.75,Cloudy,5.3,79,2,,101,24,WNW,33,
2018-05-22 9:30,Canada/Newfoundland,9,YYT,St. John's Int'l Airport,47.62,-52.75,Cloudy,5.3,81,2,,101.2,24,WNW,29,
2018-05-22 10:30,Canada/Newfoundland,10,YYT,St. John's Int'l Airport,47.62,-52.75,Cloudy,4.4,85,2,,101.3,24,NNW,33,
2018-05-22 11:30,Canada/Newfoundland,11,YYT,St. John's Int'l Airport,47.62,-52.75,Cloudy,3.4,80,0,,101.5,24,N,28,
2018-05-22 12:30,Canada/Newfoundland,12,YYT,St. John's Int'l Airport,47.62,-52.75,Mostly Cloudy,3.9,76,0,,101.7,24,NNE,28,
2018-05-22 13:30,Canada/Newfoundland,13,YYT,St. John's Int'l Airport,47.62,-52.75,Partly Cloudy,4.6,72,0,,101.8,24,NE,14,
2018-05-22 14:30,Canada/Newfoundland,14,YYT,St. John's Int'l Airport,47.62,-52.75,Partly Cloudy,5.1,69,0,,101.8,24,NE,5,
2018-05-22 15:30,Canada/Newfoundland,15,YYT,St. John's Int'l Airport,47.62,-52.75,Partly Cloudy,5.4,64,-1,,101.9,24,NE,12,
2018-05-22 16:30,Canada/Newfoundland,16,YYT,St. John's Int'l Airport,47.62,-52.75,Partly Cloudy,6,63,-1,,101.9,24,E,9,
2018-05-22 17:30,Canada/Newfoundland,17,YYT,St. John's Int'l Airport,47.62,-52.75,Partly Cloudy,5.9,63,-1,,101.9,24,SE,15,
2018-05-22 18:30,Canada/Newfoundland,18,YYT,St. John's Int'l Airport,47.62,-52.75,Mainly Sunny,3.9,72,-1,,101.9,24,SSE,21,
2018-05-22 19:30,Canada/Newfoundland,19,YYT,St. John's Int'l Airport,47.62,-52.75,Partly Cloudy,3.9,70,-1,,101.9,24,S,22,
2018-05-22 20:30,Canada/Newfoundland,20,YYT,St. John's Int'l Airport,47.62,-52.75,Mainly Sunny,3.2,78,0,,101.9,24,SSW,28,
2018-05-22 21:30,Canada/Newfoundland,21,YYT,St. John's Int'l Airport,47.62,-52.75,Mainly Clear,2.8,83,0,,101.9,24,SSW,26,
2018-05-22 22:30,Canada/Newfoundland,22,YYT,St. John's Int'l Airport,47.62,-52.75,Mainly Clear,3.8,82,1,,101.9,24,SW,23,
2018-05-22 23:30,Canada/Newfoundland,23,YYT,St. John's Int'l Airport,47.62,-52.75,Partly Cloudy,3.5,85,1,,101.9,24,SW,20,
2018-05-23 0:30,Canada/Newfoundland,0,YYT,St. John's Int'l Airport,47.62,-52.75,Cloudy,4.7,76,1,,101.9,24,SW,21,
2018-05-23 1:30,Canada/Newfoundland,1,YYT,St. John's Int'l Airport,47.62,-52.75,Cloudy,4.2,72,0,,101.8,24,SW,23,
